Title,Journal,Year,DOI,Cited
MORPHOLOGICAL ABNORMALITIES AND SENSILLA DAMAGE IN THE FRUIT FLY DROSOPHILA MELANOGASTER INDUCED BY UV-C RADIATION,Indian Journal of Entomology,2027,10.55446/IJE.2026.3606,0
A Sustainable Sufficiency Economy Model Based on Community Identity in Security-Challenged Areas: A Case Study of Thailand’s Southern Border Provinces,Journal of Population and Social Studies,2027,10.25133/JPSSv352027.010,0
Machine learning-guided catalyst selection for bio-oil hydrodeoxygenation to maximize hydrocarbon yields toward renewable naphtha and sustainable aviation fuel,Fuel,2026,10.1016/j.fuel.2026.139511,0
Troubleshooting the Pitfalls of TMP-SMX Susceptibility Interpretation in Nocardia Species,Clinical Infectious Diseases,2026,10.1093/cid/ciaf373,1
Cultural influences on vegetarian food consumption: insights from Germany and Thailand using the motivation-opportunity-ability model,British Food Journal,2026,10.1108/BFJ-12-2024-1326,0
AI-Supported Learning in Online Discussion Forums: A Scoping Review,Electronic Journal of E Learning,2026,10.34190/ejel.24.1.4409,1
"A study on Puju in Yuncheng City, Shanxi Province, China",Multidisciplinary Science Journal,2026,10.31893/multiscience.2026398,0
Development and Validation of an AI Literacy Scale for Pre-Service Teachers in Thailand,Electronic Journal of E Learning,2026,10.34190/ejel.24.1.3990,1
Identifying GFAP-expressing cell susceptibility to SARS-CoV-2 infection using human iPSC-derived neural cells,Scientific Reports,2026,10.1038/s41598-026-41177-z,0
"Comparative evaluation of stability, efficacy, and sterility in five repackaged intravitreal anti-vascular endothelial growth factor medications",Scientific Reports,2026,10.1038/s41598-026-39102-5,0
"Antioxidant and selective cytotoxic activity of Dipterocarpus obtusifolius flower extract against gastrointestinal cancer, with bioactive component profiling",BMC Complementary Medicine and Therapies,2026,10.1186/s12906-026-05247-z,0
Panduratin A from Boesenbergia rotunda suppresses hepatitis B virus by targeting HNF1α and synergizing with antiviral agents,Chinese Medicine United Kingdom,2026,10.1186/s13020-025-01285-w,0
MoVe: an integrated tool to explore the relationship between human mobility and vector-borne disease,Scientific Reports,2026,10.1038/s41598-026-39007-3,0
Age- and sex-specific reference values for plasma lipids and lipoproteins in thai adults: a national health examination survey analysis,Journal of Health Population and Nutrition,2026,10.1186/s41043-025-01176-8,1
Periodontitis awareness and knowledge levels among undergraduate dental students,BMC Oral Health,2026,10.1186/s12903-026-08054-7,0
Machine learning–based cfDNA fragmentation profiling using automated capillary electrophoresis for early detection of hepatocellular carcinoma,Communications Medicine,2026,10.1038/s43856-026-01437-5,0
Psychometric validation and cross-cultural adaptation of the dementia knowledge assessment Scale-Thai (DKAS-Thai),BMC Geriatrics,2026,10.1186/s12877-025-06935-0,0
New design of plate implant for bone healing assessment using frequency measurement: a biomechanical cadaveric study,Scientific Reports,2026,10.1038/s41598-025-32122-7,0
Hematological and clinical-chemistry parameters of kratom users: a comparative study of users and non-users in Southern Thailand,Scientific Reports,2026,10.1038/s41598-026-35524-3,0
Response surface optimization of abiotic elicitors for betalain production and antioxidant capacity in Celosia argentea cell suspension cultures,Scientific Reports,2026,10.1038/s41598-025-31876-4,0
Cannabidiol perturbs macrophage polarization by interfering with the metabolic flux and PI3K/Akt pathway,Scientific Reports,2026,10.1038/s41598-025-33360-5,0
"Correction: Somatic mutations in the TG and RELA genes specific for radioiodine-refractory thyroid cancer (Scientific Reports, (2025), 15, 1, (22894), 10.1038/s41598-025-05605-w)",Scientific Reports,2026,10.1038/s41598-026-36851-1,0
Violacein: a natural antibacterial agent empowered by film-forming sprays for topical applications,BMC Complementary Medicine and Therapies,2026,10.1186/s12906-025-05191-4,0
A novel potent autophagy inhibitor HM-013 limits production of infectious dengue virus particles,Virology Journal,2026,10.1186/s12985-025-03053-6,0
Integrating deep learning with physics based modeling enables high precision antibody antigen interface prediction,Scientific Reports,2026,10.1038/s41598-026-39466-8,0
"Preparation, characterization and evaluation of microemulsions containing Clausena excavata Burm. f. leaf essential oil",BMC Complementary Medicine and Therapies,2026,10.1186/s12906-026-05300-x,0
Process optimization and transcriptomic profiling reveal an inverse relationship between gene expression and succinic acid production from sugarcane leaves,Biotechnology for Biofuels and Bioproducts,2026,10.1186/s13068-026-02751-9,0
Factors associated with 30-day mortality in patients with acute heart failure presenting to the emergency department: a retrospective cohort study,BMC Cardiovascular Disorders,2026,10.1186/s12872-025-05430-z,0
Prevalence of low bone mineral density and associated plasma metabolite alterations in thalassemia,Scientific Reports,2026,10.1038/s41598-025-34667-z,0
"Optimization of potent probiotic strain, Lacticaseibacillus paracasei HII01, mediated fermentation of Camellia sinensis var. Assamica to achieve high phenolic content and antioxidation: a pilot study",Discover Food,2026,10.1007/s44187-026-00861-9,0
"Seroprevalence and determinants of hepatitis E virus infection among people living with HIV in Chiang Mai, Thailand: a cross-sectional analysis",Scientific Reports,2026,10.1038/s41598-026-39147-6,0
Bridging public health emergency and pharmaceutical supply chain preparedness: a scoping review and framework synthesis,BMC Health Services Research,2026,10.1186/s12913-026-14176-z,0
Machine learning approach using electrochemical immunosensor data for precise classification of Opisthorchis viverrini infection,Scientific Reports,2026,10.1038/s41598-025-29347-x,0
Brewer’s spent grain particle size and substitution level influence physicochemical and sensory properties of enriched cookies,Discover Food,2026,10.1007/s44187-025-00745-4,0
Mealworm frass-based biofertilizer improves soil nutrient profile and Chinese kale growth parameters towards sustainable agriculture,Applied Biological Chemistry,2026,10.1186/s13765-025-01069-8,1
From slaughterhouse waste to functional feed: pilot-scale bovine blood hydrolysate improves antioxidant activities and meat quality in slow-growing chickens,Food Science of Animal Resources,2026,10.1007/s44463-025-00030-z,0
"Chromosome-scale, haplotype-resolved genome of Bighead catfish for conservation and aquaculture",Scientific Data,2026,10.1038/s41597-025-06325-6,1
Vinegar production from Thai rice varieties with emphasis on the biological properties of Sangyod rice vinegar,Discover Food,2026,10.1007/s44187-025-00744-5,0
Human adipose stem cell-derived exosomes modulate the transcriptome of D-galactose-Induced neuronal cells,Scientific Reports,2026,10.1038/s41598-025-34661-5,0
Characterization and stability of plasmid DNA calcium nanoparticles using a simple formulation for gene therapy,Scientific Reports,2026,10.1038/s41598-025-33265-3,0
Evaluating long-read metagenomics for bloodstream infection diagnostics: a pilot study from a Thai Tertiary Hospital,Scientific Reports,2026,10.1038/s41598-026-41247-2,0
Toughness enhancement of geopolymer stabilized laterites using para rubber latex for sustainable base and subbase applications,Scientific Reports,2026,10.1038/s41598-025-31957-4,2
Integrating LSTM-based VPD forecasting into IoT-driven smart irrigation systems in tropical orchards,Discover Sustainability,2026,10.1007/s43621-025-02538-2,0
Identification and pharmacological characterization of a natural folipastatin as a CFTR inhibitor and potential anti-secretory agent in a human colonoid model,BMC Complementary Medicine and Therapies,2026,10.1186/s12906-025-05198-x,0
Prediction of medication overuse in patients with migraine using cox regression and machine learning: a real-world cohort,Journal of Headache and Pain,2026,10.1186/s10194-026-02269-3,0
Anti-VEGF versus laser therapy for retinopathy of prematurity: a systematic review and meta-analysis focusing on recurrence patterns and retreatment needs,International Journal of Retina and Vitreous,2026,10.1186/s40942-026-00810-9,0
Experimental and theoretical evaluation of geometry-dependent doxorubicin loading onto cerium oxide nanoparticles via van der Waals interaction modeling,Scientific Reports,2026,10.1038/s41598-026-36893-5,0
Pathogenic piscine intestinal coccidia infection alters gut microbiome in juvenile Asian seabass (Lates calcarifer),BMC Veterinary Research,2026,10.1186/s12917-025-05168-y,0
Optimization of palm kernel oil extraction using the SC-CO₂ technique from palm oil mill by-products in Thailand,Discover Food,2026,10.1007/s44187-025-00780-1,0
Protective effects of ethanolic lychee (Litchi chinensis Sonn.) seed extract against adipogenesis and inflammation in 3T3-L1 cells,Molecular Biology Reports,2026,10.1007/s11033-025-11353-x,0
Emerging zoonotic ocular sporotrichosis in southeast Asia: a case series from Thailand and systematic review of regional reports,Journal of Ophthalmic Inflammation and Infection,2026,10.1186/s12348-025-00565-8,0
Enhancing community health services through a health needs assessment approach during the COVID-19 pandemic in Eastern Thailand,Discover Public Health,2026,10.1186/s12982-026-01384-5,0
Burdens and patterns of gastrointestinal diseases in Thai children: an analysis based on Thai national health coverage data,BMC Public Health,2026,10.1186/s12889-025-25972-3,0
Microbial Communities of the Mycoheterotrophic Plant Thismia gardneriana in a Lowland Tropical Rainforest of Southern Thailand,Microbial Ecology,2026,10.1007/s00248-026-02727-0,0
Expression of sphingosine-1-phosphate receptor 1 in the brain of fatal cerebral malaria,Scientific Reports,2026,10.1038/s41598-026-36072-6,0
"eHealth competency needs in the Mekong border region: a GLMM analysis of primary care personnel in Nong Khai, Thailand",BMC Health Services Research,2026,10.1186/s12913-026-14104-1,0
"Comparative Analysis of Equivocal (2+) and Positive (3+) HER2 Immunohistochemistry (IHC) and Bright-Field Dual-Color In Situ Hybridization (DISH) in Primary Breast Cancer From 1,307 Node-Positive Patients",Breast Cancer Basic and Clinical Research,2026,10.1177/11782234251407914,0
Screening for neuronal antibodies in cognitive impairment and dementia clinics: a prospective multicenter study,BMC Neurology,2026,10.1186/s12883-026-04650-w,0
Phytochemical profiling of Syzygium nervosum fruit pulp extracts and their modulatory effects on oxidative stress and cytokine production,BMC Complementary Medicine and Therapies,2026,10.1186/s12906-026-05269-7,0
Development and cross-amplification of novel SSR markers for population genetic analysis of Kitti’s hog-nosed bat (Craseonycteris thonglongyai) in Thailand,Scientific Reports,2026,10.1038/s41598-025-30435-1,1
When the home becomes a hazard: fall risks among older adults in Thailand’s coastal rural communities,BMC Public Health,2026,10.1186/s12889-025-26106-5,0
Genetic characteristics and epidemiology of influenza and respiratory syncytial viruses associated with acute respiratory infections in Thailand,BMC Infectious Diseases,2026,10.1186/s12879-025-12355-7,0
Enzalutamide effectively inhibits the growth of meningiomas via p21-dependent senescence induction,Molecular Biology Reports,2026,10.1007/s11033-026-11648-7,0
Incidence and risk factors for osteoporosis in people with type 2 diabetes mellitus in Thailand,BMC Endocrine Disorders,2026,10.1186/s12902-026-02165-6,0
Adaptive photosynthetic in drought-resistant and susceptible Jerusalem artichoke genotypes under elevated CO₂ and light intensity during drought stress,BMC Plant Biology,2026,10.1186/s12870-026-08195-5,0
A cost analysis of speech-language pathology applications for telepractice during the COVID-19 pandemic,BMC Health Services Research,2026,10.1186/s12913-026-14161-6,0
Formulation of bacterial cellulose nanofibrils incorporated with xanthone as functional green ingredients for cosmeceutical products,Scientific Reports,2026,10.1038/s41598-026-35333-8,0
Internal gelation-based alginate hydrogel films incorporating Quercus infectoria gall extract for multifunctional wound dressing applications,Scientific Reports,2026,10.1038/s41598-026-42432-z,0
"Stimulation of growth, polysaccharides, and triterpenoids formation in antler-type fruiting body of Ganoderma sichuanense using light-emitting diodes",Discover Food,2026,10.1007/s44187-025-00781-0,0
Characterization and comparative analysis of urinary bacterial microbiome profiling in healthy cats and cats with feline idiopathic cystitis,Scientific Reports,2026,10.1038/s41598-025-34196-9,1
Confirmatory factor analysis and reliability of the parental play beliefs scale Thai version in preschooler parents,Discover Psychology,2026,10.1007/s44202-026-00656-0,0
"Short-term changes in clinical status, cardiovascular function and heart rate variability after staphylectomy and alarplasty in French Bulldogs with brachycephalic obstructive airway syndrome",BMC Veterinary Research,2026,10.1186/s12917-026-05331-z,0
Impact of respiratory muscle-stretching exercise on chest expansion and shoulder mobility post-thoracotomy: a randomized controlled trial,Journal of Cardiothoracic Surgery,2026,10.1186/s13019-025-03760-9,0
Distinct clinical profiles of nongonococcal gram-negative septic arthritis: a retrospective analysis from a tertiary center,BMC Infectious Diseases,2026,10.1186/s12879-026-12882-x,0
Diagnostic performance of procalcitonin and presepsin in sepsis: a systematic review and meta-analysis,BMC Emergency Medicine,2026,10.1186/s12873-025-01433-3,0
Immunostimulant activity of Centella asiatica (ECa 233) on RAW 264.7 macrophages,BMC Complementary Medicine and Therapies,2026,10.1186/s12906-026-05255-z,0
Treatment costs and determinants in PM2.5-attributable respiratory diseases: evidence from Northern Thailand,BMC Public Health,2026,10.1186/s12889-026-26478-2,0
Therapeutic effects of curcumin on upper gastrointestinal diseases: a systematic review and meta-analysis of animal studies,BMC Complementary Medicine and Therapies,2026,10.1186/s12906-025-05175-4,0
Early maxillary arch development in unilateral cleft lip and palate: a retrospective 3D morphometric analysis following nasoalveolar molding and cheiloplasty,BMC Oral Health,2026,10.1186/s12903-026-07754-4,0
Lactiplantibacillus plantarum from Thai fermented pork with inulin ameliorates metabolic disturbances through proteomic mechanisms,Scientific Reports,2026,10.1038/s41598-025-32893-z,0
Modeling diet-gut microbiome interactions and prebiotic responses in Thai adults,Npj Biofilms and Microbiomes,2026,10.1038/s41522-026-00921-z,0
In-situ magnetic field-controlled synthesis of SnO2-SnO nanoparticle films for enhanced photovoltaic self-cleaning and anti-soiling,Scientific Reports,2026,10.1038/s41598-026-45717-5,0
Applying recombinant antibodies for quality control of mixed-culture peanut bradyrhizobial inoculant,AMB Express,2026,10.1186/s13568-026-02027-3,0
Involvement of AKT/β-catenin in Enhanced Osteogenesis by Cannabidiol in Bone Stromal Cells Harvested from Human Tori,Scientific Reports,2026,10.1038/s41598-025-03763-5,0
"Time-series-based forecasting of accident-related referrals to Maharaj Nakorn Chiang Mai Hospital, Northern Thailand, during each year and especially the “Seven dangerous Days” periods",BMC Public Health,2026,10.1186/s12889-026-26304-9,0
Repurposing FDA-approved drugs as multi-target neuroprotective agents for Alzheimer’s disease via computational screening and experimental validation,Scientific Reports,2026,10.1038/s41598-026-46708-2,0
BEmXRD-Nets framework for novel machine learning models to predict crystal energy with diversity structures,Scientific Reports,2026,10.1038/s41598-025-33639-7,0
Sustainable aquaculture and urban management: leveraging Tilapia farming for economic and social development,International Journal of Human Capital in Urban Management,2026,10.22034/IJHCUM.2026.01.07,0
Intramedullary nail design for Thais with novel multi-femur shape optimization approach,Scientific Reports,2026,10.1038/s41598-026-35172-7,0
Phase II randomized controlled trial comparing traditional Thai cannabis-based medicine with lorazepam for insomnia treatment,Journal of Cannabis Research,2026,10.1186/s42238-026-00415-x,0
Advanced carboxymethyl chitosan/polyvinyl alcohol films functionalized with Aloe vera rind extract exhibiting enhanced mechanical and antimicrobial properties,Discover Materials,2026,10.1007/s43939-026-00563-0,0
Characterization of Canine Peripheral Blood Stem Cells After Electroacupuncture Stimulation,Innovations in Acupuncture and Medicine,2026,10.1186/s44424-025-00044-w,0
Chemical and biological profiling of bioactive metabolites from the invertebrate-pathogenic fungus Gibellula scorpioides BCC 39989,Scientific Reports,2026,10.1038/s41598-026-35326-7,0
Comparison of gargling and swabbing methods for delivering pre-procedural povidone-iodine mouthrinse: a randomised crossover trial,BMC Oral Health,2026,10.1186/s12903-026-07863-0,0
Effect of four chemical reagents on the shear bond strength of four different metal alloys bonded with self-adhesive resin cement,BMC Oral Health,2026,10.1186/s12903-025-07441-w,1
"Non-thermal atmospheric pressure plasma inactivation of Paenibacillus larvae, the causative agent of American foulbrood in honeybees (Apis mellifera)",Scientific Reports,2026,10.1038/s41598-026-40749-3,0
Mental health impacts of climate-related hazards among farmers: evidence from a community-based study,Journal of Occupational Medicine and Toxicology,2026,10.1186/s12995-026-00504-w,0
Bee pollen-derived peptide with dual DPP-IV Inhibition and glucose transport modulation,Scientific Reports,2026,10.1038/s41598-026-39009-1,0
Association between PM2.5 exposure and blood pressure among young adults in Asia: systematic review and meta-analysis,BMC Public Health,2026,10.1186/s12889-026-26488-0,0
A model for replacing human labor with industrial robots in the industrial production sector to promote sustainable growth,Decision Science Letters,2026,10.5267/j.dsl.2025.10.009,0
Perceived knowledge and intention to prepare advance directives: a cross-sectional study of Thai gynecologic cancer patients and families,BMC Research Notes,2026,10.1186/s13104-025-07587-4,0
Training peer supporters in a single-centre medical school: a mixed-methods evaluation using Kirkpatrick’s Four-Level model,BMC Medical Education,2026,10.1186/s12909-026-08703-z,0
Performance evaluation of a machine learning-driven dual broadband antenna with beam steering for 5G sub-6 GHz applications,Eurasip Journal on Wireless Communications and Networking,2026,10.1186/s13638-025-02556-8,0
Outcomes of major liver resection for children with hepatoblastoma weighing less than 10 kg: avoiding liver transplantation with extended or extreme resection,Pediatric Surgery International,2026,10.1007/s00383-025-06249-7,0
Cost-utility and budget impact analysis of desmopressin for treating monosymptomatic nocturnal enuresis in Thai children,Scientific Reports,2026,10.1038/s41598-025-32790-5,1
The feasibility of the lateral antebrachial cutaneous nerve transfer for median sensory restoration: a cadaveric study,Journal of Orthopaedic Surgery and Research,2026,10.1186/s13018-025-06567-5,0
Contextual anatomy-guided deep learning for accurate fovea segmentation in diabetic retinopathy fundus images,Scientific Reports,2026,10.1038/s41598-026-40287-y,0
Isosakuranetin ameliorates hypertension in rats induced by L-NAME,Journal of Pharmaceutical Health Care and Sciences,2026,10.1186/s40780-025-00529-z,0
MICP treatment techniques for sandy soil stabilization through shear wave velocity monitoring,Discover Sustainability,2026,10.1007/s43621-025-02389-x,0
Development and evaluation of recombinant dense granule 14 for serological diagnosis of Toxoplasma gondii infection in domestic cats,Scientific Reports,2026,10.1038/s41598-026-37821-3,0
Respiratory National Early Warning Score for 28-day mortality prediction in suspected sepsis patients in the emergency department,BMC Emergency Medicine,2026,10.1186/s12873-025-01443-1,0
Plasma proteomic signatures in HIV-infected individuals post-SARS-CoV-2 infection,BMC Infectious Diseases,2026,10.1186/s12879-025-12307-1,1
Validity and reliability testing of the Thai version of the emPHasis-10 questionnaire for patients with pulmonary arterial hypertension,Journal of Patient Reported Outcomes,2026,10.1186/s41687-026-01017-0,0
Incident and predictors of 30-day mortality in critically ill patients after admission to the emergency department in the central region of Thailand: a prospective observational study,BMC Health Services Research,2026,10.1186/s12913-025-13994-x,0
"Retraction Note: Preclinical studies of toxicity and anti-cholangiocarcinoma activity of the standardized capsule formulation of atractylodes lancea (Thunb.) DC (BMC Complementary Medicine and Therapie., s23, 186 (2023), 10.1186/s12906-023-03992-z)",BMC Complementary Medicine and Therapies,2026,10.1186/s12906-026-05308-3,0
"Exploring factors influencing micromobility adoption in a tourism-centric island city, Phuket",Transport Economics and Management,2026,10.1016/j.team.2026.01.002,0
"Deep learning approaches for time series prediction of renal recovery in medical critically Ill patients with acute kidney injury: LSTM, GRU, and transformer models",Critical Care,2026,10.1186/s13054-026-05942-w,0
Charlson comorbidity index and palliative performance scale predict prognosis in dialysis patients: a retrospective cohort study,BMC Palliative Care,2026,10.1186/s12904-026-01989-2,0
Evaluating the feasibility of calcium silicate-based sealers for strip perforation repair compared to mineral trioxide aggregate: an in-vitro study on bond strength,BMC Oral Health,2026,10.1186/s12903-026-07862-1,0
Explainable artificial intelligence for urban well-being in sustainable city ecosystems,Discover Sustainability,2026,10.1007/s43621-026-02873-y,0
"Comparative analysis of bioactive compounds and physicochemical properties of honeys from Thai local community producer, commercial producers and imported honeys",Discover Food,2026,10.1007/s44187-026-00853-9,0
Formal verification of time-bounded BPMN model with message broker using timed automata,Systems and Soft Computing,2026,10.1016/j.sasc.2026.200453,0
Effectiveness of a self-regulation program using iPad-assisted communication in intubated patients with respiratory failure: A randomized controlled trial,Nursing Practice Today,2026,10.18502/npt.v13i1.20601,0
Vitexin induces apoptosis and enhances daunorubicin efficacy in acute leukemia via modulation of the HIF-1α/Bcl-2/caspase-3 pathway,Scientific Reports,2026,10.1038/s41598-025-32789-y,1
Nutrition literacy and food consumption behaviors among undergraduate students in northern Thailand using a mixed method approach,Discover Social Science and Health,2026,10.1007/s44155-026-00368-9,0
Colorimetric loop-mediated isothermal amplification for the rapid and visual detection of hepatitis B virus,Scientific Reports,2026,10.1038/s41598-026-35503-8,0
Transient hydrops fetalis after interstitial laser coagulation and amnioreduction for treating placental chorioangioma,BMC Pregnancy and Childbirth,2026,10.1186/s12884-025-08304-6,0
Impact of FloTrac/EV1000-guided intraoperative hemodynamic optimization on postoperative outcomes in cardiac valve surgery: a randomized controlled trial,Scientific Reports,2026,10.1038/s41598-026-46157-x,0
Leg compression for preventing hypotension after spinal anesthesia in elderly hip fracture patients,European Journal of Orthopaedic Surgery and Traumatology,2026,10.1007/s00590-026-04667-4,0
A randomized controlled trial of a supervised self-administered program for chronic plantar fasciitis,Chiropractic and Manual Therapies,2026,10.1186/s12998-025-00624-w,0
Assessing satisfaction and performance of the CUREC electronic submission system,BMC Medical Ethics,2026,10.1186/s12910-026-01379-6,0
Enhanced lycopene fortification in eggs using poultry feed containing a carotenoid-oil preparation derived from metabolically engineered baker’s yeast,Scientific Reports,2026,10.1038/s41598-026-38825-9,0
Cost-utility and budget impact analysis of biosimilar trastuzumab for early-stage HER2-positive breast cancer in Thailand: an updated evaluation supporting expanded access,BMC Health Services Research,2026,10.1186/s12913-026-14094-0,0
Azathioprine for remission maintenance in anti-interferon-γ autoantibody-associated immunodeficiency syndrome- a retrospective single-center cohort study,BMC Infectious Diseases,2026,10.1186/s12879-026-12581-7,0
Management of plica polonica in the wake of refractory head lice infestation: a case report,Tropical Medicine and Health,2026,10.1186/s41182-026-00920-y,0
A scoping review of death preparation practices and sociocultural determinants in Thai society,Discover Social Science and Health,2026,10.1007/s44155-025-00346-7,0
"Correction: Effects of home-based, low-intensity exergaming on cognitive function of individuals with mild cognitive impairment: a study protocol for a randomized controlled trial (BMC Geriatrics, (2025), 25, 1, (408), 10.1186/s12877-025-06054-w)",BMC Geriatrics,2026,10.1186/s12877-025-06921-6,0
"Translation, cross-cultural adaptation, and psychometric properties of the family impact scale: a COSMIN-based systematic review",Health and Quality of Life Outcomes,2026,10.1186/s12955-025-02473-w,0
A book recommender system for enhancing reading engagement: a systematic review,Discover Artificial Intelligence,2026,10.1007/s44163-026-00911-2,0
Enhanced pure pursuit with dynamic steering control for autonomous mobile robots and application to safe navigation in chemical plants,Scientific Reports,2026,10.1038/s41598-026-38695-1,1
Development of a limited sampling strategy for apixaban area under the curve estimation in elderly patients with non-valvular atrial fibrillation,BMC Geriatrics,2026,10.1186/s12877-026-07147-w,0
Fabrication and characterization of biodegradable Zn-Ni spinel ferrite/ β-TCP composite ceramics exhibiting enhanced cell colonization,Journal of Materials Science Materials in Medicine,2026,10.1007/s10856-026-07004-7,0
Efficacy of ambulance air purifiers with different photocatalytic oxidation components in the removal of Bacillus subtilis spores,Scientific Reports,2026,10.1038/s41598-026-36581-4,0
Association between pet ownership and mental health in university students with borderline personality disorder symptoms,BMC Psychiatry,2026,10.1186/s12888-026-07805-8,1
Morphological diversity of pollen and spores in a human-impacted highland forest–agriculture mosaic in northern Thailand,Scientific Reports,2026,10.1038/s41598-026-37899-9,0
Low-power optical tweezers using large-diameter Gaussian and vortex beams for giant bubble trapping and rotation in fluorescent dye media,Scientific Reports,2026,10.1038/s41598-026-39847-z,0
Surface-functionalized cigarette butts as efficient adsorbents for Cr(VI) removal and mechanistic insights,Scientific Reports,2026,10.1038/s41598-025-34729-2,0
Mathematical modeling of public health policy for international travelers (PHPIT): a case study of the COVID-19 pandemic in Thailand,BMC Public Health,2026,10.1186/s12889-025-25811-5,0
Isolation of soil cellulolytic bacteria and their temperature- and pH-dependent decomposition of carboxymethylcellulose-based hydrogels,Scientific Reports,2026,10.1038/s41598-026-45660-5,0
Implementation of community-based fall prevention program for Thai older persons: a cluster randomized controlled trial,Scientific Reports,2026,10.1038/s41598-025-34663-3,0
"Assessing willingness to pay for HLA-B*58:01 genetic testing before allopurinol initiation and its potential impact on future health policy, Thailand",Scientific Reports,2026,10.1038/s41598-026-36574-3,0
Second trimester quad test for fetal down syndrome screening as a predictor of spontaneous preterm birth in a developing country: a population-based study,BMC Pregnancy and Childbirth,2026,10.1186/s12884-026-08771-5,0
Self-medication and non-adherence to antibiotic prescription and associated factors among Myanmar migrants in Thailand: a cross-sectional study,BMC Public Health,2026,10.1186/s12889-026-26443-z,0
Prevalence of dry eye disease symptoms and impact on quality-of-life among hospital staff during the COVID-19 pandemic,Scientific Reports,2026,10.1038/s41598-025-31774-9,0
"Impact of moisture condition, shade-taking device, zirconia color, and thickness on color difference values: an in vitro study",BMC Oral Health,2026,10.1186/s12903-026-07859-w,0
CNS-active medication use and adverse health outcomes among Thai older adults: a population-based retrospective study,Scientific Reports,2026,10.1038/s41598-026-37555-2,0
Factors associated with a double burden of malnutrition among preschool-aged ethnic minority children in northern Thailand: a community-based cross-sectional study,BMC Public Health,2026,10.1186/s12889-026-26777-8,0
"Genomic insights into a novel species, Dyella thailandensis sp. nov., a cellulolytic and xylanolytic bacterium isolated from soil associated with leaf compost",Scientific Reports,2026,10.1038/s41598-025-33717-w,0
Effectiveness of community-based eye health promotion program on preventive eye health behaviors among Thai community-dwelling older persons: a cluster randomized controlled trial,BMC Public Health,2026,10.1186/s12889-025-25393-2,0
Autism spectrum disorder disrupts brain network connectivity maturation during childhood development,Scientific Reports,2026,10.1038/s41598-025-30971-w,0
Exercise synchronized with audible cues preserves motor unit action potential: a randomized control trial study,BMC Sports Science Medicine and Rehabilitation,2026,10.1186/s13102-025-01490-y,0
A computational intelligence approach for classifying dental caries in X-ray images using integrated fuzzy C-means clustering with feature reduction and a weighted matrix scheme,Scientific Reports,2026,10.1038/s41598-026-35735-8,1
Preparation of antioxidative agar hydrolysate from Gracilaria tenuistipitata using H2O2 scission to improve surimi gel stability through multiple freeze–thaw cycles,Discover Food,2026,10.1007/s44187-026-00893-1,0
Nationwide implementation of a diabetes self-management and network system improves outcomes in type 1 diabetes: real-world evidence from Thailand,BMC Endocrine Disorders,2026,10.1186/s12902-025-02123-8,0
Experiences of using the iCHANGE digital health application in the curriculum for medical students in Thailand,BMC Medical Education,2026,10.1186/s12909-025-08287-0,0
Green leadership in the food industry influences performance through resilience and environmental dynamics,Discover Sustainability,2026,10.1007/s43621-025-02329-9,0
Prevalence and associated factors of inappropriate analgesic drug use among community-dwelling older adults with chronic musculoskeletal pain: a cross-sectional study,BMC Public Health,2026,10.1186/s12889-026-26527-w,0
Effects of long term canopy change on regulating ecosystem services in a tropical urban park,Scientific Reports,2026,10.1038/s41598-026-36098-w,0
The effective dose of botulinum toxin A for acne management: a randomized controlled trial,Archives of Dermatological Research,2026,10.1007/s00403-026-04580-0,0
"Integrated anaerobic membrane bioreactor-yeast biorefinery for co-production of hydrogen, volatile fatty acids, and microbial oil from food waste",Scientific Reports,2026,10.1038/s41598-025-32939-2,0
Fracture resistance of posterior teeth restored by lithium silicate-based and hybrid ceramic partial coverage restorations with different preparation designs: a scoping review,BMC Oral Health,2026,10.1186/s12903-026-08053-8,0
A missense variant in ASCL5 leads to lobodontia,Nature Communications,2026,10.1038/s41467-026-69323-1,0
An advanced optimization framework for cross-docking site selection in global supply chains using an enhanced k-means clustering algorithm integrated with geographic information systems,Decision Science Letters,2026,10.5267/j.dsl.2025.10.008,0
Data-efficient learning for accurate identification of MAPK1 inhibitors using an active meta-deep learning framework,Journal of Cheminformatics,2026,10.1186/s13321-026-01159-9,0
Social and community determinants of living arrangements among older adults: the role of social support and mental health promotion,BMC Geriatrics,2026,10.1186/s12877-026-07280-6,0
Exploring cognitive ability and non-cognitive intelligence associated with preclinical academic performance: a study of Thai medical students,BMC Medical Education,2026,10.1186/s12909-026-08758-y,0
Discordance between immunofixation and free light chain assays in multiple myeloma: a retrospective analysis and evaluation of the heavy/light chain assay for disease monitoring,Blood Research,2026,10.1007/s44313-026-00130-9,0
Effects of forward shoulder elevation on spinal excursion at three different speeds,Scientific Reports,2026,10.1038/s41598-025-31796-3,0
Low-NaCl pretreatment promotes seedling growth of Chinese white radish under water deficit via osmotic and energy regulation,BMC Plant Biology,2026,10.1186/s12870-026-08175-9,0
Serum transthyretin combined with first trimester uterine artery doppler ultrasound for preeclampsia prediction in singleton pregnancies: a prospective observational study,Scientific Reports,2026,10.1038/s41598-025-34807-5,0
Discovery of anti-inflammatory compounds from the stem bark of Garcinia latissima through in vitro and in silico approaches,Scientific Reports,2026,10.1038/s41598-025-30017-1,0
Understanding creative tourist segments in rural mountain destinations of Northern Thailand using cluster analysis,Discover Sustainability,2026,10.1007/s43621-026-03168-y,0
Enhanced induction of fetal hemoglobin by the combination of decitabine with RN-1 in β-thalassemia/HbE erythroid progenitor cells,Molecular Medicine,2026,10.1186/s10020-026-01421-8,0
Declining prevalence of AIDS-defining illness among newly diagnosed people living with HIV in northern Thailand: a 10-year review,BMC Infectious Diseases,2026,10.1186/s12879-026-12820-x,0
Factors associated with emergency department discharge among patients triaged as resuscitation (CTAS level 1): a retrospective cross-sectional study,BMC Emergency Medicine,2026,10.1186/s12873-026-01507-w,0
Mental health promotion strategies for minority older adults in highland areas during disease outbreaks: a qualitative exploration,BMC Geriatrics,2026,10.1186/s12877-026-07078-6,0
"Green synthesis and characterization of Annona squamosa seed chemical constituents derived silver nanoparticles against Tuta absoluta (Meyrick, 1917) larvae, non-target effect, and confirmed through molecular docking",Scientific Reports,2026,10.1038/s41598-026-41086-1,0
Molecular characterization of tick-borne piroplasms in captive megaherbivores in Thailand,Parasitology Research,2026,10.1007/s00436-025-08618-6,0
Riboflavin-PLGA nanoparticles enhance the effectiveness of the pyruvate carboxylase inhibitor ZY-444 in targeting lipogenesis in colon and breast cancer,Scientific Reports,2026,10.1038/s41598-025-29207-8,0
First detection of porcine circovirus 3 (PCV3) associated with reproductive failure on a Thai pig farm,Animal Diseases,2026,10.1186/s44149-026-00221-1,0
Effects of using dextrose administration and outcome in out-of-hospital cardiac arrest patients with hypoglycemia during cardiopulmonary resuscitation,Scientific Reports,2026,10.1038/s41598-026-39757-0,0
AI applications in lumbar and lumbosacral pedicle screw placement: a systematic review of limited evidence and future directions,Neurosurgical Review,2026,10.1007/s10143-026-04192-2,0
Variational principles using a non-symmetric non-triangular distance,Fixed Point Theory and Algorithms for Sciences and Engineering,2026,10.1186/s13663-026-00824-w,0
Identifying Factor Importance in Empirical Asset Pricing by Interpretable Machine Learning,Journal of Financial Data Science,2026,10.3905/jfds.2025.1.212,0
Prognostic performance of the temperature- and age-modified shock index for children with sepsis and septic shock: a retrospective cohort study,BMC Emergency Medicine,2026,10.1186/s12873-025-01439-x,0
Wild boar supply chain systems in Asia: a systematic review,BMC Veterinary Research,2026,10.1186/s12917-026-05367-1,0
"Dietary behaviors, energy intake, and assessment of school lunch consumption in Thai children with autism",Scientific Reports,2026,10.1038/s41598-026-46215-4,0
Enhancing innovative behavior of undergraduate students through an integrated thinking promotion program: a quasi-experiment study,Scientific Reports,2026,10.1038/s41598-025-30504-5,0
"Low-density granulocytes and neutrophil extracellular traps in dengue, impacts of interferon alpha and cell-free DNA",Scientific Reports,2026,10.1038/s41598-025-29640-9,0
Impact of combined unilateral mastectomy and ovariohysterectomy on acute phase response and wound healing in dogs with mammary gland tumors,BMC Veterinary Research,2026,10.1186/s12917-026-05396-w,0
Report of the favorable pregnancy outcomes in an FKBP10-related Bruck syndrome case and a narrative review of pregnancy in severe osteogenesis imperfecta,BMC Pregnancy and Childbirth,2026,10.1186/s12884-026-08815-w,0
Cocktail of genetically diverse lytic phages reduces uropathogenic Escherichia coli colonization in mouse urinary tract,Scientific Reports,2026,10.1038/s41598-026-39877-7,0
"Correction: Systematic review and meta-analysis of virome profiles and quantification of Torque teno virus load in blood of acute febrile illness patients (Scientific Reports, (2025), 15, 1, (45340), 10.1038/s41598-025-29413-4)",Scientific Reports,2026,10.1038/s41598-026-37465-3,0
Exploring health literacy and demographic determinants among village health volunteers in the post-COVID-19 era: a web-based cross-sectional study,BMC Public Health,2026,10.1186/s12889-025-26159-6,0
Population-focused community-based health literacy model for high-risk people: preventing type 2 diabetes mellitus through participatory action research in rural Thailand,BMC Public Health,2026,10.1186/s12889-026-26828-0,0
Optimal locations and capacities of multiple BESSs in a RES-integrated distribution network: a real-world case study,Scientific Reports,2026,10.1038/s41598-026-40971-z,0
Characterization of glucose transporter-targeted lipid nanoparticles for enhancing n-3 PUFA utilization in slow-growing Korat chickens,Scientific Reports,2026,10.1038/s41598-025-33149-6,0
"Extraction techniques, structural features, and functional properties of collagenous derivatives from unconventional animal sources: a review",Collagen and Leather,2026,10.1186/s42825-025-00236-3,0
Chlorinated bis-4-hydroxycoumarins suppress flavivirus replication by inhibiting dengue virus type 2 translation and replication,Scientific Reports,2026,10.1038/s41598-026-35654-8,1
Optimizing sugarcane and cassava production in Thailand via water-energy food-land-climate nexus,Energy and Climate Change,2026,10.1016/j.egycc.2025.100231,0
Contrasting evolutionary trajectories of pyrimethamine resistance in human and zoonotic malaria parasites,Malaria Journal,2026,10.1186/s12936-026-05841-z,0
Integrating biodiversity into the Water Energy Food Land Climate Nexus for holistic sustainability assessment of agriculture,Discover Sustainability,2026,10.1007/s43621-025-02370-8,1
Reducing cognitive load in dispatcher-assisted CPR: a simulation-based educational study among non-medical university students,International Journal of Emergency Medicine,2026,10.1186/s12245-026-01128-x,0
Overcoming Candida albicans biofilm drug resistance via azole-sophorolipid synergy,Scientific Reports,2026,10.1038/s41598-026-36278-8,0
Therapeutic challenges in relapsing cutaneous and visceral leishmaniasis caused by Leishmania (Mundinia) martiniquensis in patients with advanced HIV disease from Southern Thailand,Tropical Medicine and Health,2026,10.1186/s41182-026-00931-9,1
A cross-sectional study of factors influencing innovative behavior among basic education students,Humanities and Social Sciences Communications,2026,10.1057/s41599-026-06715-0,0
Unraveling the role of Cullin3 of E3 ubiquitin ligase in salt stress tolerance via proteomics,BMC Plant Biology,2026,10.1186/s12870-025-07993-7,0
An anatomical study of anterior spinal artery patterns in the Thai population,Surgical and Radiologic Anatomy,2026,10.1007/s00276-025-03794-7,0
Can artificial intelligence optimize treatment planning and outcome prediction in fixed tooth- and implant-supported prosthodontics? A scoping review,BMC Oral Health,2026,10.1186/s12903-025-07300-8,0
"Retraction Note: An intelligent learning system based on electronic health records for unbiased stroke prediction (Scientific Reports, (2024), 14, 1, (23052), 10.1038/s41598-024-73570-x)",Scientific Reports,2026,10.1038/s41598-026-46753-x,0
Dietary supplementation with microencapsulated organic acids and essential oils improves sow productivity and nursery pig performance under commercial field conditions,Porcine Health Management,2026,10.1186/s40813-026-00491-8,0
"Exploring local vegetables cultivated in home gardens of Pa Tio District, Yasothon Province, Thailand: ethnobotanical knowledge, nutritional value, and horticultural potential",Journal of Ethnobiology and Ethnomedicine,2026,10.1186/s13002-025-00841-w,3
Trigeminal nerve transposition by sling-pulling technique in combination with macrovascular transposition for giant basilar artery–induced trigeminal neuralgia via a combined transpetrosal approach,Acta Neurochirurgica,2026,10.1007/s00701-026-06801-x,0
"“Health literacy, health behavior, and demographic determinants of BMI status among pre-older adults: a cross-sectional study”",BMC Nutrition,2026,10.1186/s40795-026-01290-8,0
Divergent Drivers of Crime in Asia: A Comparative Panel Analysis of Institutional and Socioeconomic Factors,Humanities and Social Sciences Communications,2026,10.1057/s41599-026-06718-x,0
"Accuracy, outcome and complication of Free-hand VP shunt catheter placement",Neurosurgical Review,2026,10.1007/s10143-025-03954-8,1
"Patient, family, and healthcare provider experiences in advance care planning: a qualitative study",BMC Palliative Care,2026,10.1186/s12904-026-02065-5,0
Developing and validating the WIL-EngDev scale: a measurement tool for assessing English language development in work-integrated learning contexts,Language Testing in Asia,2026,10.1186/s40468-026-00438-4,0
Iron–quercetin complex reprograms tumor-associated macrophages toward M1 phenotype and enables MRI tracking in ex vivo tumor-mimicking spheroids,Cancer Nanotechnology,2026,10.1186/s12645-026-00362-5,0
Efficacy and acceptability of dienogest among patients with endometriosis in Thailand,BMC Women S Health,2026,10.1186/s12905-026-04287-4,0
Safety of leadless versus transvenous pacemakers in patients with low body surface area: a matched-pair analysis,BMC Cardiovascular Disorders,2026,10.1186/s12872-026-05526-0,0
Trend and social determinants of non-facility births in Northwestern Nigeria: pooled analysis of demographic and health survey 2003–2018,BMC Public Health,2026,10.1186/s12889-026-26666-0,0
"Food access determinants and food insecurity severity in the older population: evidence from a nationally representative, cross-sectional survey in Thailand",BMC Geriatrics,2026,10.1186/s12877-026-07140-3,0
Hydrothermal synthesis of ZnO nanoparticles from recycled ZnO obtained from electric Arc furnace dust: morphology control and applications,Scientific Reports,2026,10.1038/s41598-026-39138-7,1
Aqnet adaptive mesh attention framework for spatiotemporal air quality prediction in diverse urban environments,International Journal of Data Science and Analytics,2026,10.1007/s41060-025-01005-5,0
"Astaxanthin enhances migration, Type I and Type III collagen production, and osteogenic differentiation in periodontal ligament fibroblasts under hyperglycemic conditions",BMC Oral Health,2026,10.1186/s12903-026-07824-7,0
Evaluating dental student competency in forensic rugoscopy for human identification,Scientific Reports,2026,10.1038/s41598-025-33373-0,0
Impact of the amount of parathyroid autotransplantation in total parathyroidectomy for secondary hyperparathyroidism: a prospective randomized trial,Scientific Reports,2026,10.1038/s41598-025-33150-z,0
"Web application development using multiple regression analysis to predict silicosis risk among stone carvers in Nakhon Ratchasima, Thailand",Journal of Occupational Medicine and Toxicology,2026,10.1186/s12995-026-00496-7,0
Some improvements on the stability results for additive functional inequalities in Banach spaces,Journal of Inequalities and Applications,2026,10.1186/s13660-025-03411-6,0
Does living with children or financial adequacy mitigate the impact of IADL limitations on older adults’ well-being? Findings from the Longitudinal Indonesian Family Life Survey,BMC Geriatrics,2026,10.1186/s12877-025-06634-w,0
Minimally invasive single-stage hybrid strategy for ruptured dissecting fusiform proximal posterior inferior cerebellar artery aneurysm: how I do it,Acta Neurochirurgica,2026,10.1007/s00701-025-06761-8,0
Anatomical relationship between the intertrochanteric line and femoral neck osteotomy level in direct anterior approach total hip arthroplasty: a 3D morphometric and cadaveric validation study,Arthroplasty,2026,10.1186/s42836-025-00365-4,0
Commercial determinants of health: case study of ultra-processed food companies in Thailand,Globalization and Health,2026,10.1186/s12992-025-01174-9,0
Ageing in place readiness in Thailand: urban and rural comparison,BMC Geriatrics,2026,10.1186/s12877-025-06864-y,2
Using ultrasonographic skin-to-vocal-cord distance measurements to predict difficult intubation in obese Thai patients: a prospective observational study,BMC Anesthesiology,2026,10.1186/s12871-026-03635-z,0
Association between emergency department bed occupancy rate and in-hospital cardiac arrest in the emergency department: a retrospective study,BMC Emergency Medicine,2026,10.1186/s12873-025-01467-7,0
"Factors shaping health-seeking behavior among Myanmar migrant workers in Chiang Rai, Thailand",BMC Public Health,2026,10.1186/s12889-026-26225-7,0
Performance of the Emergency Severity Index (ESI) in predicting mortality and resource utilization at a tertiary care hospital in Thailand,Global Health Research and Policy,2026,10.1016/j.ghrp.2026.01.003,0
"Ethnomedicinal plants and traditional healing practices of indigenous communities in Dan Sub-district, Kap Choeng District, Surin Province, Thailand",Journal of Ethnobiology and Ethnomedicine,2026,10.1186/s13002-026-00856-x,0
Postharvest detection of anthracnose (Colletotrichum asianum) on mango fruit (Mangifera indica L. cv Namdokmai Sithong) using near-infrared response,BMC Plant Biology,2026,10.1186/s12870-025-07824-9,0
Exploring relationships between sustainability vision components and their organizational impact,Discover Sustainability,2026,10.1007/s43621-026-02810-z,0
"Loss of measles, mumps, and rubella immunity in pediatric cancer survivors following chemotherapy",BMC Research Notes,2026,10.1186/s13104-025-07617-1,0
Molecular detection of tick-borne pathogens in cattle ticks from the Lao People’s Democratic Republic,Parasites and Vectors,2026,10.1186/s13071-025-07167-2,1
Exploring sufficiency economy concept as a sustainability strategy,Discover Sustainability,2026,10.1007/s43621-026-02782-0,0
Platelet-rich fibrin combined with demineralized tooth matrix enhances periodontal regeneration following impacted third molar surgery: a randomized controlled clinical trial,Oral and Maxillofacial Surgery,2026,10.1007/s10006-026-01509-9,0
Online EFL Instruction with an AI-Powered Interactive Response System: A Case of Pear Deck in a Writing Course,Journal of Asia Tefl,2026,10.18823/asiatefl.2025.22.4.5.699,0
Factors influencing sustainability performance in public-private partnerships for transportation in China,Discover Sustainability,2026,10.1007/s43621-026-02724-w,0
Integrative therapies for chronic insomnia: A randomized controlled trial of a traditional Thai herbal remedy and Cannabis sativa oil,Sleep Medicine X,2026,10.1016/j.sleepx.2026.100180,0
Large language model-based multi-agent systems for automated foundation design: router-driven task classification and expert selection framework,AI in Civil Engineering,2026,10.1007/s43503-026-00088-8,0
Fungal Isolates Enriched Under Anaerobic Conditions from Buffalo Rumen Fluid for Lignocellulosic Rice Straw Conversion and Biogas Production Potential,Bioenergy Research,2026,10.1007/s12155-025-10954-5,0
"Mental health and legal statuses along the path to citizenship: A qualitative study of minority ethnic urban dwellers in Chiang Mai, Thailand",Global Health Research and Policy,2026,10.1016/j.ghrp.2026.01.004,0
Tragic love: AI’s emotionless system and the absence of human emotions,Humanities and Social Sciences Communications,2026,10.1057/s41599-025-06400-8,1
"Low necessity, high overuse: revisiting empirical vancomycin practices for children in low MRSA prevalence settings",BMC Infectious Diseases,2026,10.1186/s12879-026-12685-0,0
Extensive perinephric hematoma following excessive irrigation pressure during flexible ureteroscopy: case report of a preventable complication,Patient Safety in Surgery,2026,10.1186/s13037-026-00479-x,0
T-3MS fusion: gradient-aware transformer-guided middle-fusion for real-time 3D object detection on affordable sensor suite,Autonomous Intelligent Systems,2026,10.1007/s43684-026-00128-1,0
The association of prehospital advanced airway management time and outcome in out-of hospital cardiac arrest patients,Scientific Reports,2026,10.1038/s41598-025-34602-2,0
Operative outcomes of interval cholecystectomy after gallbladder drainage for acute cholecystitis: a systematic review and meta-analysis comparing endoscopic and percutaneous approaches,BMC Surgery,2026,10.1186/s12893-026-03644-2,0
"Physicochemical properties, proximate composition and sensory characteristics of salad dressing made with banana peel pulp (Musa acuminata)",Discover Food,2026,10.1007/s44187-026-00872-6,0
Optimizing immersion time and frequency in a twin-bottle temporary immersion system for mass production of Zingiber officinale Roscoe,Scientific Reports,2026,10.1038/s41598-026-37182-x,0
The transformation from human surplus value to AI algorithmic surplus value: logic of the critique of capital in the era of AI,Humanities and Social Sciences Communications,2026,10.1057/s41599-025-06420-4,0
"Determination of dengue high-risk areas in the Philippines: a kernel density estimation, inverse distance weighting, and ecological niche modeling",Parasites and Vectors,2026,10.1186/s13071-025-07200-4,1
Disproportionate Decline in Trabecular Bone Score Compared to Bone Mineral Density in Southeast Asian Patients with Thalassemia: A Matched Control Study,Calcified Tissue International,2026,10.1007/s00223-026-01483-0,0
Cultural and demographic influences on household waste management in ethnic minority communities of Thailand,Discover Sustainability,2026,10.1007/s43621-026-02786-w,0
Potential of citric and yeast waste fermentation products supplemented with fiber-degrading enzymes as alternatives to soybean meal in ruminant nutrition,BMC Veterinary Research,2026,10.1186/s12917-025-05260-3,0
"Surgery of the Anterior Infratemporal Fossa (AITF) and the Pterygopalatine Fossa (PPF) lesions: critical assessment of operative exposure, loss of functioning tissue and morbidity between Extradural Subtemporal Infratemporal Approach (ESITA) and Endonasal Endoscopic Transmaxillary Transpterygoid Approach (EEMP)",Acta Neurochirurgica,2026,10.1007/s00701-026-06808-4,0
"Emergence of dengue at high altitude: characterization of the 2024 outbreak in Cochabamba, Bolivia",Virology Journal,2026,10.1186/s12985-026-03117-1,0
Artificial intelligence-based fault classification on photovoltaic plants using a low-cost open-source IoT system,Scientific Reports,2026,10.1038/s41598-025-30678-y,1
In-pack combination of ultrasonication and sous-vide accelerates goat meat tenderization: gene expression and biochemical changes during early post-mortem storage,Food Science of Animal Resources,2026,10.1007/s44463-025-00028-7,0
Egg white rice-shaped analogue enhances satiety hormones and glycemic control in healthy men: a randomized unblinded crossover trial,Food Production Processing and Nutrition,2026,10.1186/s43014-025-00360-x,0
Recent advances in applications of nanocomposites: A brief overview,Discover Materials,2026,10.1007/s43939-025-00524-z,0
A strategic national energy consumption management model for long-term sustainability in achieving net-zero greenhouse gas emissions in the industrial sector,Discover Sustainability,2026,10.1007/s43621-025-02386-0,0
"Correction: Exploring toxic leadership in organizations through a comprehensive bibliometric analysis (Discover Sustainability, (2025), 7, 1, (6), 10.1007/s43621-025-02360-w)",Discover Sustainability,2026,10.1007/s43621-026-02621-2,0
Exploring toxic leadership in organizations through a comprehensive bibliometric analysis,Discover Sustainability,2026,10.1007/s43621-025-02360-w,1
Effects of microplastic on submerged nanofiltration for advanced drinking water treatment,Scientific Reports,2026,10.1038/s41598-026-35398-5,0
Spatio-temporal trends in COVID-19 morbidity and mortality due to elderly: a global perspective,Scientific Reports,2026,10.1038/s41598-026-37968-z,0
Accurate identification of broadly neutralizing antibodies against dengue virus based on deep stacking strategy with multi-perspective features,Scientific Reports,2026,10.1038/s41598-025-31332-3,0
Shared or divided perceptions of female commuters’ harassment in Chattogram city’s public transport system,Discover Global Society,2026,10.1007/s44282-026-00341-6,0
"Rifampicin-resistant tuberculosis in Nangarhar, Afghanistan: prevalence and risk factors",BMC Infectious Diseases,2026,10.1186/s12879-026-12795-9,0
A Subset of Circulating Hemocytes Expresses Genes Indicating Neural Precursor Identity,Cellular and Molecular Neurobiology,2026,10.1007/s10571-026-01686-x,0
"Current-use and legacy pesticides in canal waters of Chiang Mai, Thailand, during longan flowering and fruit set: occurrence and ecological and human health risk assessment",Scientific Reports,2026,10.1038/s41598-026-43950-6,0
"Correction: Oroxylum indicum ameliorates D-galactose-induced aging related memory impairments via enhancing rat hippocampal neurogenesis (Scientific Reports, (2025), 15, 1, (43004), 10.1038/s41598-025-27042-5)",Scientific Reports,2026,10.1038/s41598-026-36729-2,0
A mixed-effects multilevel Poisson regression analysis of diarrhea prevalence among under-five children in Indonesia,Journal of Health Population and Nutrition,2026,10.1186/s41043-026-01244-7,0
Interactions between Plasmodium falciparum–infected red blood cells and their extracellular vesicles with megakaryocytes: implications for platelet-like particle formation,Malaria Journal,2026,10.1186/s12936-025-05743-6,1
Connecting phases of matter to the flatness of the loss landscape in analog variational quantum algorithms,Communications Physics,2026,10.1038/s42005-026-02528-4,1
An approach to fractal construction in m-metric spaces via F-contractions,Fixed Point Theory and Algorithms for Sciences and Engineering,2026,10.1186/s13663-025-00817-1,0
Patterns of engagement in advance care planning among older people living with cancer: a cross-sectional survey,BMC Palliative Care,2026,10.1186/s12904-025-01951-8,0
"Re-emergence of malaria in Karen State, Myanmar: has the battle of Burma been lost?",Malaria Journal,2026,10.1186/s12936-026-05808-0,0
Application of gamma irradiation in combination with moderate dehydration to extend the shelf life of fresh rice noodles at ambient temperature,Discover Food,2026,10.1007/s44187-026-00922-z,0
Modification of optical and electrical properties in sputtered CsI films by dopant incorporation,Journal of Materials Science Materials in Engineering,2026,10.1186/s40712-026-00416-x,0
"Local topographic and biotic neighborhood factors influence tree survival in a tropical dry forest, western Thailand",Ecological Processes,2026,10.1186/s13717-025-00665-2,0
Modulation of sepsis by Lacticaseibacillus rhamnosus and the potential role of short-chain fatty acid levels in feces and blood,Scientific Reports,2026,10.1038/s41598-025-33032-4,0
miR-145-5p/CAMSAP2 axis modulates cisplatin sensitivity in non-small cell lung cancer,Cancer Cell International,2026,10.1186/s12935-026-04209-2,0
Bacterial growth in poly(vinyl alcohol) hydrogel with nutrients and indicator,Scientific Reports,2026,10.1038/s41598-026-35916-5,0
"Complete gene sequence diversity, amplification, and natural selection of the Plasmodium vivax Duffy binding protein locus",Malaria Journal,2026,10.1186/s12936-025-05756-1,1
"Molecular evidence of a high prevalence of Opisthorchis viverrini infection in an endemic community in Sakon Nakhon Province, northeastern Thailand",Tropical Medicine and Health,2026,10.1186/s41182-026-00929-3,0
Factors influencing complete abstinence during Thailand’s temporary alcohol abstinence campaign,Scientific Reports,2026,10.1038/s41598-025-33405-9,0
Inter-rater agreement of respiratory distress observation scale measurement between physicians and nurses in the emergency department,BMC Emergency Medicine,2026,10.1186/s12873-025-01445-z,0
A predictive model for classifying low back pain status based on lumbopelvic kinematics measured using inertial measurement units: a cross-sectional study,BMC Musculoskeletal Disorders,2026,10.1186/s12891-026-09488-4,1
"Mental health among youth in a conflict area: a cross-sectional study of the effects of parental absence, social media, family support and religious practice on psychiatric symptoms in Thailand’s southernmost provinces",Conflict and Health,2026,10.1186/s13031-026-00750-z,0
Bilateral subclavius posticus innervated by the lateral pectoral nerve: a cadaveric and ultrasound case report,Surgical and Radiologic Anatomy,2026,10.1007/s00276-026-03829-7,0
"Identification of antidiabetic leads using in-silico screening, molecular dynamics simulation, and biological evaluation using cell viability, anti-adipogenesis, glucose uptake, and peroxisome proliferator activated receptor-γ in-vitro assay",Journal of Computer Aided Molecular Design,2026,10.1007/s10822-025-00727-9,1
"Calabanones A‒H, chromanone derivatives from the stem bark of Calophyllum calaba and their cytotoxic activities against cancer cells",Natural Products and Bioprospecting,2026,10.1007/s13659-026-00603-5,0
Creating sustainable water management in durian cultivation in Thailand with hybrid solar irrigation,Discover Sustainability,2026,10.1007/s43621-025-02388-y,0
Reproductive efficiency and longevity of gilts and sows in group housing and free-farrowing systems versus traditional crate systems in tropical environments,BMC Veterinary Research,2026,10.1186/s12917-026-05288-z,0
Image defined risk factor(s) and outcomes for abdominal neuroblastoma: a surgical perspective from a Thailand National Cancer Centre,Pediatric Surgery International,2026,10.1007/s00383-026-06355-0,0
"Nationwide trends in pediatric obesity in Thailand, 2015–2023: prevalence, morbidity, mortality, and COVID-19–related disparities",BMC Public Health,2026,10.1186/s12889-026-26570-7,0
Hybrid quantum–chaotic key expansion enhances QKD rates using the Lorenz system,Scientific Reports,2026,10.1038/s41598-026-37470-6,0
Factors influencing mental health among university teachers: a study based on the Diathesis-Stress Model and Response Style Theory,BMC Psychology,2026,10.1186/s40359-026-04166-5,0
Application of image analysis combined with regression models to estimate the reduction of Escherichia coli and Salmonella spp. on vegetable surfaces after washing,Bioresources and Bioprocessing,2026,10.1186/s40643-025-00992-4,0
Photovoltaic array fault diagnosis and dynamic reconfiguration based on improved YOLOv7 and QAGO,Discover Computing,2026,10.1007/s10791-026-10016-0,0
"Mixed modes of satellite DNA and transposable element evolution, which shape the repetitive landscape of air-breathing catfishes (Clarias)",Chromosome Research,2026,10.1007/s10577-026-09797-3,0
The boundary conditions of corporate values on the link between leadership behaviour and employee performance through psychological well-being,Discover Psychology,2026,10.1007/s44202-026-00596-9,0
"Evidence of feline chaphamaparvovirus in dogs: molecular detection, genetic recombination, and tissue localization",BMC Veterinary Research,2026,10.1186/s12917-025-05219-4,0
Longitudinal analysis of neutralizing antibodies against SARS-CoV-1 and different SARS-CoV-2 strains in breakthrough and unvaccinated COVID-19 patients in Thailand (2021-2022),Scientific Reports,2026,10.1038/s41598-025-33388-7,0
Effects of health insurance on economic burden and health service utilization among people with noncommunicable diseases in low- and middle-income countries: a systematic review,BMC Public Health,2026,10.1186/s12889-026-26691-z,0
Multiplex real-time PCR with high-resolution melting analysis for rapid identification of carbapenem and colistin resistance genes in clinical Enterobacterales isolates,Scientific Reports,2026,10.1038/s41598-026-41530-2,0
Impact of systemic family dynamics on cyberbullying among college students in Southwest China,Discover Psychology,2026,10.1007/s44202-026-00611-z,0
Skipjack tuna bone derived biocalcium ameliorates C2C12 myotube atrophy through microRNA29b regulation,Scientific Reports,2026,10.1038/s41598-026-39977-4,0
A golden ratio proximal method for monotone variational inequality problems,Fixed Point Theory and Algorithms for Sciences and Engineering,2026,10.1186/s13663-025-00814-4,0
"Validation and fine mapping of qVmunBr6.2 locus reveal a gene encoding hevamine-A, a defense protein with chitinase activity, is associated with bruchid (Callosobruchus maculatus) resistance in black gram (Vigna mungo)",Scientific Reports,2026,10.1038/s41598-026-40341-9,0
Polyphasic characterization of Biscogniauxia papillata sp. nov. (Graphostromataceae) and isolation of the cytotoxic cyclic pentapeptide cyclobiscognioxin A,Mycological Progress,2026,10.1007/s11557-025-02114-y,0
Missing assent: a global systematic review of ethical practices in HIV research with men who have sex with men (MSM) under 18,BMC Medical Ethics,2026,10.1186/s12910-026-01378-7,0
Diagnostic accuracy and feasibility of artificial intelligence-driven smartphone imaging for dental caries detection: A systematic review,Japanese Dental Science Review,2026,10.1016/j.jdsr.2025.11.001,2
PRKCSH deficiency promotes an anti-tumor immune microenvironment via UPR activation and M1 macrophage polarization,Cancer Cell International,2026,10.1186/s12935-025-04104-2,0
Copper ionophore elicits calpain-dependent paraptosis coincident with proteotoxic stress,Cell Communication and Signaling,2026,10.1186/s12964-025-02558-5,1
"Pseudosparassis yunnanensis, gen. et sp. nov. (Sclerotiniaceae, Helotiales, Ascomycota) from Yunnan Province, Southwestern China",Mycological Progress,2026,10.1007/s11557-026-02126-2,0
Diagnosis challenges and accessibility barriers to migraine management in Southeast Asia: results from the South-East Asia Local breAch on MigraiNe Treatment (SEALANT) study,Journal of Headache and Pain,2026,10.1186/s10194-026-02295-1,0
"Correction: Diagnosis challenges and accessibility barriers to migraine management in Southeast Asia: results from the South-East Asia Local breAch on MigraiNe Treatment (SEALANT) study (The Journal of Headache and Pain, (2026), 27, 1, (47), 10.1186/s10194-026-02295-1)",Journal of Headache and Pain,2026,10.1186/s10194-026-02317-y,0
Prevalence and genotyping of Giardia duodenalis infections in humans in Thailand: a systematic review and meta-analysis,BMC Infectious Diseases,2026,10.1186/s12879-025-12372-6,0
Physicochemical and rheological properties of tangerine peel pectin extracted using organic acids with or without ultrasonication assistance,Discover Food,2026,10.1007/s44187-025-00750-7,0
Black–scholes equation in quantitative finance with variable parameters: a path to a generalized schrodinger equation,Financial Innovation,2026,10.1186/s40854-025-00877-7,0
"Nonlocal Fractal Diffusion-Advection Models with Variable Coefficients and Nonlocal Time Delay: Existence of Solutions, Lyapunov Function, Hopf Bifurcation, and Stability",Journal of Peridynamics and Nonlocal Modeling,2026,10.1007/s42102-026-00142-0,0
From Foundations to Frontiers: Half a Century of Fuzzy Logic Research in Iran,Journal of Fuzzy Extension and Applications,2026,10.22105/jfea.2025.530194.1960,1
"Ethical implications of environmental, social, and governance (ESG) investments for intergenerational resilience in natural disaster mitigation",Discover Sustainability,2026,10.1007/s43621-025-02551-5,0
Generative AI Shanshui animation enhancement using Perlin noise and diffusion models,Discover Artificial Intelligence,2026,10.1007/s44163-025-00797-6,0
A bi-objective fuzzy mathematical model for new production–distribution-pricing problem using credibility and variance measures,Discover Computing,2026,10.1007/s10791-026-10019-x,0
The impact of attitude toward artificial intelligence on teaching satisfaction: The mediating role of teachers’ self-efficacy of teaching innovation skills among chinese faculty in Thai universities,Decision Science Letters,2026,10.5267/j.dsl.2025.9.001,0
Utilizing social media to promote responsible tourism: Applying the technology acceptance model and source credibility theory,International Journal of Human Capital in Urban Management,2026,10.22034/IJHCUM.2026.01.01,1
Drug resistance patterns among tuberculosis patients at a tuberculosis designated hospital in Yunnan: a retrospective analysis of the 2013–2022 period,BMC Infectious Diseases,2026,10.1186/s12879-025-12251-0,0
The impact of AI anxiety on career decisions of college students,Scientific Reports,2026,10.1038/s41598-026-37648-y,1
Factors associated with musculoskeletal disorders among Thai rice farmers in Roi-Et,BMC Public Health,2026,10.1186/s12889-026-26211-z,0
Oleosin-coated nanocarriers enhance mycorrhizal-mediated pollinator forage and sunflower productivity under neonicotinoid stress,Plant Growth Regulation,2026,10.1007/s10725-026-01446-3,0
Social isolation and social media addiction: the serial mediation roles of social anxiety and FoMO among Chinese university students,Scientific Reports,2026,10.1038/s41598-025-33176-3,0
Context-specific drivers of non-regular long-lasting insecticidal net use in the Greater Mekong Subregion,Malaria Journal,2026,10.1186/s12936-026-05812-4,0
"Metagenomic analysis revealed the presence of novel Actinomycetota “Candidatus Solincola uaceae” sp. nov., obtained from a hot spring",Scientific Reports,2026,10.1038/s41598-026-37544-5,0
Developing and validating prediction models for low back pain and neck pain in office workers: a cross-sectional study,Scientific Reports,2026,10.1038/s41598-025-30575-4,0
Beyond environmental benefits: understanding the social and economic factors in electric vehicle adoption,Humanities and Social Sciences Communications,2026,10.1057/s41599-025-06298-2,1
Spatiotemporal epidemiology and associated risk factors of tuberculosis incidence and mortality in Indonesia 2017–2022: a nationwide space-time hierarchical analysis,Population Health Metrics,2026,10.1186/s12963-026-00458-5,0
Neural Modification To Treat Chronic Tendinopathy: Emerging Evidence and Opportunities for Pain Practitioners - A Systematic Review,Current Pain and Headache Reports,2026,10.1007/s11916-025-01454-4,0
Impacts of mobile health interventions on infant and young child feeding in LMICs: systematic review and meta-analysis,BMC Pediatrics,2026,10.1186/s12887-025-06450-6,0
Colouring dysbiosis: FetB-dependent Mn-PPIX produced by Porphyromonas gingivalis shapes the oral microbiota,Npj Biofilms and Microbiomes,2026,10.1038/s41522-026-00942-8,0
Evaluating the diagnostic accuracy of clinical judgement and rapid tests for leptospirosis in the Philippines: implications for public health management,Infectious Diseases of Poverty,2026,10.1186/s40249-026-01413-0,0
Outdoor biting by malaria vectors: what are the options for intervention?,Malaria Journal,2026,10.1186/s12936-025-05689-9,0
"Spatiotemporal epidemiology, geographic hotspots, and risk factor associations of drug-resistant tuberculosis incidence in Indonesia: a Bayesian hierarchical modelling approach",Infectious Diseases of Poverty,2026,10.1186/s40249-026-01418-9,0
The validity and reliability of the Patient Health Questionnaire - Adolescent version (PHQ – A) in Vietnam,BMC Psychology,2026,10.1186/s40359-026-04091-7,0
How do multiple Chinese actors conduct environmental communication on World Environment Day (2013–2022): a mixed-methods study,Humanities and Social Sciences Communications,2026,10.1057/s41599-026-06564-x,0
Structural equation modeling of associated factors and regional variations in major depressive disorders and generalized anxiety disorders among reproductive-age Bangladeshi women: a nationally representative study,Annals of General Psychiatry,2026,10.1186/s12991-025-00619-0,0
"A scoping review of school-based psychological interventions for adolescent mental health in secondary education: addressing anxiety, depression, and well-being",Discover Mental Health,2026,10.1007/s44192-025-00336-w,3
Does Resistance Training Provide Benefits that Are Comparable to Aerobic Exercise in Hypertension?,Current Hypertension Reports,2026,10.1007/s11906-026-01369-4,0
Energy efficiency and renewable energy solutions: Nano-additized algal biodiesel for cleaner marine engine applications,Global Environmental Change Advances,2026,10.1016/j.gecadv.2026.100031,0
Prevalence and associated factors of normal-weight central obesity among community-dwelling adults 18 years and older in Mongolia,BMC Public Health,2026,10.1186/s12889-026-26431-3,0
The association between obstructive sleep apnea risk and cardiovascular disease risk in midlife Thai women in the U.S,Journal of Clinical Sleep Medicine,2026,10.1007/s44470-025-00023-1,0
Effect of lateral positioning on ventilation in patients with blunt thoracic injury during pressure support ventilation: the VICTORY study,Intensive Care Medicine Experimental,2026,10.1186/s40635-026-00861-0,0
An integrated cubic Pythagorean fuzzy MAIRCA model with novel variation coefficient similarity measure for food safety risk assessment,Scientific Reports,2026,10.1038/s41598-026-39302-z,0
"Radon Contamination in Various Water Sources and Indoor Air in Buildings in the Coastal Region of Surat Thani Province, Southern Thailand",Current Applied Science and Technology,2026,10.55003/cast.2025.265762,1
Flesh Quality of Nile Tilapia (Oreochromis niloticus) Cultured in Biofloc System with Different Dietary Protein Levels,Current Applied Science and Technology,2026,10.55003/cast.2025.265396,0
"Effects of Air, Vacuum, and Nitrogen Annealing on Structure, Bone Regeneration, and Antimicrobial Activity of Zinc-Doped Ca-P-O Microfibers",Current Applied Science and Technology,2026,10.55003/cast.2025.265899,0
Evaluating Black Soldier Fly (Hermetia illucens (L.) Residues from Various Organic Feedstocks as Organic Fertilizers for Sweet Corn Cultivation in Thailand,Current Applied Science and Technology,2026,10.55003/cast.2025.264421,0
Investigating Transit Timing Variations of a Hot Jupiter HAT-P-43 b,Current Applied Science and Technology,2026,10.55003/cast.2025.265878,0
Single-Site Cr(III) catalyst on Polyethylenimine-Modified dendritic mesoporous silica particles for efficient conversion of glucose to 5-Hydroxymethylfurfural,Fuel,2026,10.1016/j.fuel.2026.139244,0
Viability assessment of microencapsulated probiotics in carbonated soft drinks during storage and simulated gastrointestinal conditions,Journal of Future Foods,2026,10.1016/j.jfutfo.2025.01.009,0
"Spatial Modeling of Forest Carbon Stocks: Integrating Engineering Framework, Field Data, and Sentinel-2 Imagery",International Journal of Engineering Transactions C Aspects,2026,10.5829/ije.2026.39.11b.12,0
Dietary supplementation with recombinant shrimp c-type lysozyme modulates the gut microbiome and enhances growth performance and resistance to Ecytonucleospora hepatopenaei infection in Pacific white shrimp (Litopenaeus vannamei),Aquaculture,2026,10.1016/j.aquaculture.2025.742884,1
Role of support wettability in Fe-Ni bimetallic catalysts for low-temperature aquathermolysis and heavy oil upgrading: Experimental and DFT insights,Fuel,2026,10.1016/j.fuel.2026.139025,0
A projection recurrent neural network method for solving absolute value equations associated with second-order cones,Journal of Computational and Applied Mathematics,2026,10.1016/j.cam.2026.117567,0
Integrating user experience and interface design for mental health mobile applications: A prototype development and evaluation approach,Multidisciplinary Science Journal,2026,10.31893/multiscience.2026553,0
Three-dimensional cone-beam computed tomography analysis of the mandibular lingula and mandibular foramen with clinical implications for ramus osteotomy,Journal of Stomatology Oral and Maxillofacial Surgery,2026,10.1016/j.jormas.2026.102799,0
"Integrating tradition and sustainability: Crafting with Ton Bai Romkao in Phang Nga Province, Thailand",Craft Research,2026,10.1386/crre_00158_1,0
The lopsided effects of educational trends on quality education for UN SDG achievement: A case study of neurodiverse and marginalised groups,Multidisciplinary Science Journal,2026,10.31893/multiscience.2026654,0
Developing physics-based constrained surrogate model for hydrothermal liquefaction of lignocellulosic biomass,Biomass and Bioenergy,2026,10.1016/j.biombioe.2026.109431,0
Predicting biochar water retention at high suctions from routinely measured properties across feedstocks and production technologies,Biomass and Bioenergy,2026,10.1016/j.biombioe.2026.109451,0
Monolithic graphene oxide/polyaniline-coated natural rubber foam for solid-phase extraction of carbamate pesticides in fruit juice samples,Talanta,2026,10.1016/j.talanta.2026.129832,0
Non-invasive detection of salivary TNF-α enabled by hemp-derived nanocellulose nanocomposite electrochemical immunosensor for point-of-care diagnostics,Bioelectrochemistry,2026,10.1016/j.bioelechem.2026.109296,0
An adaptive stochastic gradient method with variance reduction for smooth optimization problems,Journal of Computational and Applied Mathematics,2026,10.1016/j.cam.2026.117559,0
Synergistic MIP-aptamer dual-recognition on silver-decorated sulfur-doped graphene quantum dots (S-GQDs@Ag) nanohybrids for ultra-sensitive impedimetric carcinoembryonic antigen detection,Talanta,2026,10.1016/j.talanta.2026.129828,0
Synergistic Effects of Rhizosphere Temperature and Growing Media on Growth and Physiological Attributes of Strawberry cv. ‘Akihime’,International Journal of Horticultural Science and Technology,2026,10.22059/ijhst.2025.388534.1006,0
"Digitally visible, culturally grounded: Narcissism and student leadership in Thai higher education",Multidisciplinary Science Journal,2026,10.31893/multiscience.2026650,0
Analysis and comparison of creative tourism behavior among tourists in Amphawa based on demographic characteristics,Multidisciplinary Science Journal,2026,10.31893/multiscience.2026795,0
Non-thermal sterilization of liquid foods via pulsed electric fields: A Tesla coil and multilevel inverter-based approach,Journal of Food Engineering,2026,10.1016/j.jfoodeng.2026.113095,0
PNA/SWCNT hybrid electrochemical platform optimized by machine learning for species-specific quantification of Bacillus cereus,Bioelectrochemistry,2026,10.1016/j.bioelechem.2026.109306,0
Analysis of life-cycle carbon and water footprints in woodchip production from fast-growing trees in Thailand,Biomass and Bioenergy,2026,10.1016/j.biombioe.2026.109244,0
"Evaluating genotype by environment interaction for growth in response to dietary protein replacements in Asian seabass (Lates calcarifer Bloch, 1790)",Aquaculture and Fisheries,2026,10.1016/j.aaf.2026.01.009,0
"Fast-growing flowering aquatic plant, Wolffia-derived porous biochar as a sustainable anode material for lithium-ion batteries",Biomass and Bioenergy,2026,10.1016/j.biombioe.2026.109325,0
Development of mycelium-reinforced dialdehyde cellulose–polyvinyl alcohol composites for emerging high-performance sustainable materials,Synthetic and Systems Biotechnology,2026,10.1016/j.synbio.2026.03.012,0
"Comparative observation of the organ development and health of the tropical oyster Crassostrea belcheri (Sowerby, 1871) in hatchery and wild farming sites",Veterinary Integrative Sciences,2026,10.12982/VIS.2026.066,0
"Comprehensive Analysis of Physical, Mechanical, Wettability, Shear, and Bonding Performance Properties of Rubberwood Various Trunk Diameters and Radial Positions Bonded with Various Adhesives for Sustainable Engineered Timber Construction: Bibliometric and Experimental Insights toward the Sustainable Development Goals (SDGs)",Asean Journal for Science and Engineering in Materials,2026,,2
Fatal vascular pythiosis in a dog from Thailand: Clinical presentation and pathological findings—first report: A case report,Veterinary Integrative Sciences,2026,10.12982/VIS.2026.069,0
"Valorization of tropical fruit seed wastes for biodiesel production: A review of extraction technologies, catalytic systems, and biorefinery perspectives",Biomass and Bioenergy,2026,10.1016/j.biombioe.2026.109243,0
Comparative techno-economic and life cycle assessment of distilled monoglycerides production from waste cooking oil and palm fatty acid distillate via glycerolysis,Biomass and Bioenergy,2026,10.1016/j.biombioe.2026.109282,0
Histopathological characterization of age-related intestinal lesions and fibrosis in naturally coccidia-infected Asian sea bass (Lates calcarifer),Veterinary Integrative Sciences,2026,10.12982/VIS.2026.065,0
"Assessing the Carbon Sequestration Potential of Spirogyra Algae in Achieving Sustainable Development Goals (SDGs): Biomass Estimation and Microbial Interactions in the Chi River Basin, Thailand",Asean Journal of Science and Engineering,2026,10.17509/ajse.v6i2.90336,0
Nostalgia-Driven Gamification as a Digital Media Strategy for Enhancing Exercise Engagement among Older Adults in an Aging Society,Studies in Media and Communication,2026,10.11114/smc.v14i3.8384,0
Atypical lethal systemic granulomatous inflammation caused by Pseudomonas aeruginosa in a green iguana (Iguana iguana): A postmortem case report,Veterinary Integrative Sciences,2026,10.12982/VIS.2026.061,0
Astraeusols F–J: Lanostane and spirocyclic lanostane triterpenes from the wild edible mushroom Astraeus odoratus,Phytochemistry,2026,10.1016/j.phytochem.2026.114933,0
Enhanced and tunable ferromagnetism in periodic-arrays of CVD-synthesized carbon films,Carbon Trends,2026,10.1016/j.cartre.2026.100622,0
Surimi species authentication using Nanopore metabarcoding with short- and long-amplicon 16S and COI primers,Food Control,2026,10.1016/j.foodcont.2026.112127,0
Optimization of tool orientation for five-axis machining. Hybrid Euler–Lagrange approach,CIRP Journal of Manufacturing Science and Technology,2026,10.1016/j.cirpj.2026.02.012,0
Effects of commercial seaweed supplementation on in vitro methane production and milk performance in dairy,Veterinary Integrative Sciences,2026,10.12982/VIS.2026.064,0
Unlocking Thailand's biohydrogen potential: A comparative assessment of gasification and dark fermentation using a refined approach,Biomass and Bioenergy,2026,10.1016/j.biombioe.2026.109331,0
Novel composite film of starch/PVA and hydroxyapatite from fish scale: Characterization and application,Biomass and Bioenergy,2026,10.1016/j.biombioe.2026.109253,1
Coordinated control of HVDC and air conditioners using distributed MPC for regulating frequency and indoor temperature deviations,Electric Power Systems Research,2026,10.1016/j.epsr.2026.113046,0
Microstructure and Wear Behavior of Repair Weld on the Flash-Butt Welded Rail,Indonesian Journal of Science and Technology,2026,10.17509/ijost.v11i2.89691,1
A finite-sample Borel–Cantelli inequality under m-dependence,Statistics and Probability Letters,2026,10.1016/j.spl.2026.110775,0
The Impact of Artificial Intelligence–Driven Social Media on Educational Opportunities and Curriculum Effectiveness in Higher Education,Studies in Media and Communication,2026,10.11114/smc.v14i3.8625,0
Double inertial contraction method for monotone inclusion problems for medical image recovery and data classifications,Journal of Computational and Applied Mathematics,2026,10.1016/j.cam.2026.117369,0
EFFECTS OF METFORMIN HYDROCHLORIDE ON DEVELOPMENT AND SURVIVAL IN THE BLOW FLY CHRYSOMYA MEGACEPHALA (FABRICIUS),Indian Journal of Entomology,2026,10.55446/IJE.2025.3213,0
"Corrigendum to “An efficient matrix free optimization algorithm combining a revised PRP and FR-CG type methods with application to robotics” [Journal of Computational and Applied Mathematic 483 (2026) 1-19 /117378] (S0377042726000440), (10.1016/j.cam.2026.117378)",Journal of Computational and Applied Mathematics,2026,10.1016/j.cam.2026.117449,0
An efficient matrix free optimization algorithm combining a revised PRP and FR-CG type methods with application to robotics,Journal of Computational and Applied Mathematics,2026,10.1016/j.cam.2026.117378,0
Every cloud has a silver lining: Academic involution atmosphere as a double-edged sword for research creativity,Thinking Skills and Creativity,2026,10.1016/j.tsc.2026.102208,0
Magnetic and dots effect of Zn doped in α-Fe2O3/Ti3C2Mxene/Carbon Dots for enhance the photocatalytic H2 production under visible light,Journal of Physics and Chemistry of Solids,2026,10.1016/j.jpcs.2026.113768,0
"Stability and bifurcation analysis of a complex two-prey, one-predator model with carry-over effects, migration, and harvesting",Mathematics and Computers in Simulation,2026,10.1016/j.matcom.2026.03.021,0
Comparison of growth promotion effects: Fermented non-medicinal parts of Scutellaria baicalensis vs. non-critical rare earth cerium oxide in yellow-feathered broilers,Veterinary Integrative Sciences,2026,10.12982/VIS.2026.059,0
FCT-stock: A fusion CNN-transformer model for anomaly detection in stock volatility,Pattern Recognition,2026,10.1016/j.patcog.2026.113260,0
"Effects of Peperomia pellucida (L.) Kunth on the growth performances, and health of red hybrid tilapia (Oreochromis spp.)",Veterinary Integrative Sciences,2026,10.12982/VIS.2026.063,1
An immobilization-free aptamer-based liquid sensing display for the label-free detection of illicit Δ9-tetrahydrocannabinol,Talanta,2026,10.1016/j.talanta.2026.129740,0
"Multi-parameter optimization of battery thermal management using copper foam, ferrofluid coolant, and advanced flow configurations",International Journal of Heat and Mass Transfer,2026,10.1016/j.ijheatmasstransfer.2026.128716,0
Using inductively coupled plasma mass spectrometry for studying the association of gold nanoparticles with compounds of clinical interest,Talanta,2026,10.1016/j.talanta.2026.129695,0
Fish scale-derived hydroxyapatite/β-tricalcium phosphate incorporated in polyhydroxybutyrate microparticles via in-situ biopolymer blend for bone graft application with comparative life cycle assessment,Polymer Degradation and Stability,2026,10.1016/j.polymdegradstab.2026.112139,0
Automatic on-farm detection of mastitis in raw cow milk using optical spectroscopy and edge artificial intelligence,Smart Agricultural Technology,2026,10.1016/j.atech.2026.102001,0
Effects of Remote Ischemic Preconditioning in Patients with Acute Lower Extremity Ischemia,Annals of Vascular Surgery,2026,10.1016/j.avsg.2026.03.049,0
Ranolazine exerts cardioprotection through attenuating mitochondrial dynamic imbalance in trastuzumab-induced cardiotoxicity in rats,Biochemical Pharmacology,2026,10.1016/j.bcp.2026.117954,0
13-epi-manoyl oxide diterpenoids from the rhizomes of Kaempferia udonensis with anti-inflammatory activity,Phytochemistry,2026,10.1016/j.phytochem.2026.114899,0
"Evaluating the capacity of aquaculture ponds for biological nitrogen removal: The roles of microbial acclimation, aeration management, and supplementation with organic carbon and probiotic bacteria",Environmental Engineering Research,2026,10.4491/eer.2025.353,0
"Anaerobic biorefinery of elephant dung, combining solid-state anaerobic digestion and hydrothermal carbonization: the effect of inoculum source, energy recovery, and carbon sequestration",Biomass and Bioenergy,2026,10.1016/j.biombioe.2026.109116,0
Development of computational thinking and artificial intelligence skills through a board game for primary students in Border Patrol Police Schools,Multidisciplinary Science Journal,2026,10.31893/multiscience.2026482,0
Stripping voltammetric analysis of cadmium on a dual working screen-printed carbon electrode modified with graphene-oxide/carbon-nanohorn composite,Talanta Open,2026,10.1016/j.talo.2026.100608,0
Ultrasensitive photothermal/fluorescent paper-based microfluidic immunosensor for nuclear matrix protein 22 quantification in human urine samples for rapid diagnosis of bladder cancer,Sensors and Actuators B Chemical,2026,10.1016/j.snb.2026.139914,0
Strain-tuned optical properties of a two-dimensional hexagonal lattice: Exploiting saddle degrees of freedom and saddle filtering effects,Micro and Nanostructures,2026,10.1016/j.micrna.2026.208694,0
Identity framework-based digital learning and the development of entrepreneurial personality among vocational education students,Multidisciplinary Science Journal,2026,10.31893/multiscience.2026643,0
Hydrothermal liquefaction of diverse natural rubber waste streams in subcritical water for bio-oil production and fuel-relevant rheology,Biomass and Bioenergy,2026,10.1016/j.biombioe.2026.109240,0
Inferior vena cava dynamics during triggered breaths under different levels of pressure support and PEEP: A randomized crossover physiologic study,Journal of Critical Care,2026,10.1016/j.jcrc.2026.155593,0
Structure-acidity interplay in Ni/HUSY catalysts for external H2-free hydrothermal conversion of palm oil in alcohol-water media,Biomass and Bioenergy,2026,10.1016/j.biombioe.2026.109152,0
Smartphone-based wavelength-tunable SPR electronic tongue with machine learning for beverage discrimination and dual-analyte quantification,Sensors and Actuators B Chemical,2026,10.1016/j.snb.2026.139905,0
"Adoption, fiscal cost, and policy compromise: Evaluating residential rooftop solar policies in Thailand for emerging economies",Energy for Sustainable Development,2026,10.1016/j.esd.2026.101986,0
Benchmarking the upgraded NCP 5-MV accelerator-based particle induced X-ray emission analysis system,Nuclear Instruments and Methods in Physics Research Section A Accelerators Spectrometers Detectors and Associated Equipment,2026,10.1016/j.nima.2026.171502,0
"Optimizing fractal geometries for multifrequency antennas in industrial, scientific, and medical bands using evolutionary particle swarm optimization: Modeling and design considerations",Engineering Applications of Artificial Intelligence,2026,10.1016/j.engappai.2026.114732,0
A conceptual model of employees’ behavioral intention to use generative artificial intelligence technology in mid-sized organizations,Multidisciplinary Science Journal,2026,10.31893/multiscience.2026531,0
RepoAI: Automated code refactoring through multi-agent LLM orchestration and retrieval-augmented generation,Science of Computer Programming,2026,10.1016/j.scico.2026.103477,0
Colour matters: its influence on food perceptions and purchase intention for bakery products,Food Quality and Preference,2026,10.1016/j.foodqual.2026.105925,0
Enhancing knowledge acquisition and engagement in medicinal chemistry: The role of interactive video modules in pharmacy education,Currents in Pharmacy Teaching and Learning,2026,10.1016/j.cptl.2026.102652,0
"Explaining public acceptance of small modular reactors in Thailand: Planned behavior, innovation attributes, moral norms, risk–benefit, and knowledge sharing",Energy for Sustainable Development,2026,10.1016/j.esd.2026.101985,0
Optimizing thermal performance through pattern variation in grooved and pinned heat sinks: Numerical investigation,International Journal of Heat and Mass Transfer,2026,10.1016/j.ijheatmasstransfer.2026.128692,0
Torrefied biomass pellet production from rubber wood wastes and corn wastes in pilot-scale vibrating torrefaction system,Fuel Processing Technology,2026,10.1016/j.fuproc.2026.108452,0
Microalgal photobioreactors as living air purifiers for better indoor carbon dioxide quality control,Biomass and Bioenergy,2026,10.1016/j.biombioe.2026.109178,0
Enhancing supply chain efficiency for air transport of horticultural products by simplified heat and mass transfer modelling,Journal of Food Engineering,2026,10.1016/j.jfoodeng.2026.113047,0
Ethylene-induced rapid anthocyanin degradation in Vanda 'Sansai Blue' orchid cut flowers: Coordinated regulation of biosynthetic genes and class III peroxidases revealed by transcriptome analysis,Postharvest Biology and Technology,2026,10.1016/j.postharvbio.2026.114338,0
Enhanced microalgae-based microbial fuel cell performance using single-chamber photocatalyst air-cathode modification,Bioelectrochemistry,2026,10.1016/j.bioelechem.2026.109215,1
Effects of landscape and anthropogenic threats on the occurrence of the fishing cat in a human-dominated landscape,Global Ecology and Conservation,2026,10.1016/j.gecco.2026.e04217,0
From trust to loyalty: A cross-lagged panel analysis of the evolution of green customer commitment in the luxury hotel sector,International Journal of Hospitality Management,2026,10.1016/j.ijhm.2026.104679,0
Musical characteristics and pedagogical applications of the French Horn in Chinese folk songs,Multidisciplinary Science Journal,2026,10.31893/multiscience.2026645,0
Exploring cultural memory in urban change: A study on the protection of historical and cultural heritage in Guangzhou during the Ming and Qing dynasties (1368-1912),Multidisciplinary Science Journal,2026,10.31893/multiscience.2026513,0
Maternal hemoglobin during late gestation and neonatal hemoglobin are associated with piglet oxygenation and early survival in hyper-prolific sows under tropical conditions,Theriogenology,2026,10.1016/j.theriogenology.2026.117928,0
A generalized SR-to-CP framework for predicting long-term creep behavior of geogrids from temperature-accelerated stress relaxation tests,Geotextiles and Geomembranes,2026,10.1016/j.geotexmem.2026.03.001,0
Efficient and sustainable management of shared fisheries in Thailand: Self-governance or regulation?,Ecological Economics,2026,10.1016/j.ecolecon.2026.109019,0
The impact of business resilience and sustainability for Thai-listed firms,Multidisciplinary Science Journal,2026,10.31893/multiscience.2026027,0
Integrated metabolomics and metagenomics analysis identifies a unique signature characterizing metabolic syndrome,Journal of Nutritional Biochemistry,2026,10.1016/j.jnutbio.2026.110327,0
Microplastic sources and distribution in tropical mangroves: Natural and planted systems in China,Estuarine Coastal and Shelf Science,2026,10.1016/j.ecss.2026.109896,0
Effects of shallot (Allium ascalonicum) powder supplementation on carcass quality and lipid peroxidation in broiler chickens under heat stress conditions,Veterinary Integrative Sciences,2026,10.12982/VIS.2026.045,0
A review of molecular characterization of infectious bursal disease virus circulating in Thailand according to the newly unified genotypic classification scheme,Veterinary Integrative Sciences,2026,10.12982/VIS.2026.047,0
Regenerable integrated CO2 absorption-mineralization via modified ChCl/MEA eutectic solvents for synthesis of high-purity submicron aragonite CaCO3,Separation and Purification Technology,2026,10.1016/j.seppur.2026.137868,0
"Bacteriocin-producing Lactococcus lactis subsp. lactis A7 enhances health status, immunity and gut microbiota in Nile tilapia (Oreochromis niloticus)",Aquaculture Reports,2026,10.1016/j.aqrep.2026.103494,0
"Genetic diversity, population structure and multiple introductions of invasive blackchin tilapia Sarotherodon melanotheron in Thailand",Aquaculture Reports,2026,10.1016/j.aqrep.2026.103575,0
"Biochar-Amended Chicken Manure, Vermicompost, And Wastewater Sludge On Hemp Growth, Heavy Metal Accumulation, And Rhizo-Microbial Communities",Journal of Applied Science and Engineering,2026,10.6180/jase.202607_30.005,0
PL-RSM Model Of Supercritical CO2 Fast Extraction Phase Of Argan Kernel Oil,Journal of Applied Science and Engineering,2026,10.6180/jase.202607_30.020,0
Symplectic Hamiltonian formulation for stress and deformation in anisotropic auxetic beams,International Journal of Solids and Structures,2026,10.1016/j.ijsolstr.2026.114002,0
Design of an intelligent surveillance plan using deep neural networks and geospatial risk score for predicting daily maritime accidents: an empirical case study of the Thai Seas,Expert Systems with Applications,2026,10.1016/j.eswa.2026.132226,0
Geochemical controls and seasonal variability of mercury fractionation in marine sediments of the Inner Gulf of Thailand,Estuarine Coastal and Shelf Science,2026,10.1016/j.ecss.2026.109837,0
"Effect of dietary supplementation of Cladophora glomerata meal on growth, physiological indices, and expression of genes related growth and immunity in ornamental goldfish (Carassius auratus)",Aquaculture Reports,2026,10.1016/j.aqrep.2026.103496,0
Damage index of beam-to-upright connections in high-rise steel storage racks,Engineering Structures,2026,10.1016/j.engstruct.2026.122681,0
Absorption of CO2 and Sulfur-containing sour components from natural gas using aqueous Tetrabutylphosphonium acetate: Molecular dynamics simulations,Journal of Molecular Liquids,2026,10.1016/j.molliq.2026.129532,0
Opinions of the Population Aged 13 and Above on Interreligious Understanding,Multidisciplinary Science Journal,2026,10.31893/multiscience.2026150,0
An inter-organizational collaboration model for promoting organic rice production to enhance organic rice standards in Thailand,Multidisciplinary Science Journal,2026,10.31893/multiscience.2026147,0
Dual antibacterial and selective anticancer activities of biogenic ZnO nanoparticles from durian flower waste: impact of surface phytochemicals,Results in Chemistry,2026,10.1016/j.rechem.2026.103320,0
TRACED: Trend-adaptive classification with ellipsoidal disambiguation for resolving exterior and coincident regions in data streams,Information Sciences,2026,10.1016/j.ins.2026.123338,0
Spectrophotometric determination of tin in canned fruit samples using sappan wood extract as a natural reagent,Spectrochimica Acta Part A Molecular and Biomolecular Spectroscopy,2026,10.1016/j.saa.2026.127688,1
Deep eutectic solvent-modified magnetic biochar from sugarcane bagasse for enhanced removal of toxic metals and pharmaceuticals,Separation and Purification Technology,2026,10.1016/j.seppur.2026.137339,0
Standardized Centella asiatica extract (ECa 233) mitigates chlorhexidine-induced cytotoxicity and promotes oral wound repair via immunomodulation and angiogenesis,Archives of Oral Biology,2026,10.1016/j.archoralbio.2026.106593,0
Biocontrol potential of Trichoderma culture filtrates against Schizophyllum commune: Metabolite profiling and oxidative stress mechanisms,Physiological and Molecular Plant Pathology,2026,10.1016/j.pmpp.2026.103195,0
"The sbp3 gene of Streptococcus suis plays an important role in biofilm formation, adhesion, invasion, and cytotoxicity in the human intestinal epithelial cell line",Microbial Pathogenesis,2026,10.1016/j.micpath.2026.108496,0
Designing of effective aluminum-based macroinitiators for the solvent-free ring-opening polymerization of ε-caprolactone via the facile and green process,Polymer Bulletin,2026,10.1007/s00289-026-06413-6,0
"Strengthening strategizing and startup entrepreneurial readiness among Thai Gen Z management students: Do AI literacy, creativity, and seizing skills matter?",International Journal of Management Education,2026,10.1016/j.ijme.2026.101416,0
Effect of catalyst types on economic feasibility and environmental impact of simultaneous levulinic acid and hydrochar production from cassava rhizome via acid catalytic hydrothermal process,Green Technologies and Sustainability,2026,10.1016/j.grets.2026.100370,0
Does family ownership benefit non-listed firms? Evidence from family-owned non-listed insurance companies in Thailand,Emerging Markets Review,2026,10.1016/j.ememar.2026.101457,0
When phase angle fails the physiology: Rethinking sarcopenic obesity through electrical architecture and clinical decision logic,Nutrition,2026,10.1016/j.nut.2026.113153,0
Vesicular encapsulation of biotransformed Abelmoschus esculentus seed oligopeptides in novel sleeping mask formulations for enhanced anti-aging efficacy,Journal of Drug Delivery Science and Technology,2026,10.1016/j.jddst.2026.108264,0
Application of hydrochar co-product in levulinic acid production from sugarcane leaf as efficient catalyst supporting material for isosorbide production,Fuel Processing Technology,2026,10.1016/j.fuproc.2026.108448,0
"Erratum for “Caged Markov process — a continuous-time framework for modeling a constrained Markov process within a freely-evolving Markov process”(Mathematics and Computers in Simulation, (2025), 230, C, (350-369), (S0378475424004555), 10.1016/j.matcom.2024.11.014)",Mathematics and Computers in Simulation,2026,10.1016/j.matcom.2025.06.034,0
Multi-task machine learning for structural optimizations of lattice shells,Engineering Structures,2026,10.1016/j.engstruct.2026.122654,0
Particle-scale agglomeration mechanisms and dynamic behavior of cement–eucalyptus wood ash–sediment particulate systems,Powder Technology,2026,10.1016/j.powtec.2026.122505,0
Diversity and variations of the catches from gillnet fisheries in two large rivers in Thailand: insight from long-term monitoring data,Aquaculture and Fisheries,2026,10.1016/j.aaf.2025.12.011,0
Electrolyte-driven control of morphology and electrochromic performance in anodized WO3 films,Optik,2026,10.1016/j.ijleo.2026.172752,0
Combination of dielectric barrier discharge (DBD) cold plasma and sodium dodecyl sulfate modified chitosan (SDSCS) on dimerumic acid enhancement and citrinin reduction in Nam Dokmai mango seed kernel angkak (NDMSKA) and untargeted metabolomic analysis,Innovative Food Science and Emerging Technologies,2026,10.1016/j.ifset.2026.104539,0
"Radiation-induced chemical degradation pathways in nanofiber-reinforced woven versus surface-coated protective gloves: GC-MS, TGA-FTIR, and headspace analysis",Radiation Physics and Chemistry,2026,10.1016/j.radphyschem.2026.113829,0
Significantly enhanced dielectric and nonlinear electrical properties in CCTO ceramics prepared via high–energy ball milling with fine–grained IBLC microstructure,Journal of the European Ceramic Society,2026,10.1016/j.jeurceramsoc.2026.118126,0
Combinatorial results to measure the complexity of quantifier free formulas in algebraic systems,Asian European Journal of Mathematics,2026,10.1142/S1793557125501268,1
Cost-Utility and Budget Impact Analysis of Pharmacogenetic-Guided Antiplatelet Therapy for Acute Coronary Syndrome in Thailand,Value in Health Regional Issues,2026,10.1016/j.vhri.2025.101565,1
Molecular encapsulation of hydroxychloroquine by cucurbit[n]urils: A combined molecular dynamics simulation and quantum chemical study,Journal of Molecular Graphics and Modelling,2026,10.1016/j.jmgm.2026.109395,0
Psychometric properties of a child health status questionnaire for Thai children with lupus: Nursing practice implications,Journal of Pediatric Nursing,2026,10.1016/j.pedn.2026.04.003,0
Sustainable production of lightweight geopolymer from mixed fly ash: Effects of alkali activators and surfactants,Case Studies in Construction Materials,2026,10.1016/j.cscm.2026.e05777,1
Fans are pure gold? A case study of Thai Y content consumers and LoveSick 2024,Multidisciplinary Reviews,2026,10.31893/multirev.2026324,1
Hematological parameters in sows with normal and prolonged farrowing duration and in neonatal piglets with varying degrees of vitality,Theriogenology,2026,10.1016/j.theriogenology.2026.117901,0
"Assessment of aboveground carbon stock in mangrove forests using GIS and environmental monitoring: A case study in Samut Songkhram Province, Thailand",Marine Pollution Bulletin,2026,10.1016/j.marpolbul.2026.119565,0
Encapsulation of gold nanoparticles in a chitosan nanoparticle framework via emulsion system: A key step for antigen strip tests,Carbohydrate Polymers,2026,10.1016/j.carbpol.2026.125340,0
Deep learning framework for remote photoplethysmography signal quality classification using spectral gramian angular field,Array,2026,10.1016/j.array.2026.100804,0
"Fabrication, structural characterization, and in situ acoustic emission analysis of mechanical damage in porous hydroxyapatite–white Portland cement scaffolds",Materials Chemistry and Physics,2026,10.1016/j.matchemphys.2026.132545,0
"Vacancy-assisted Si and other common heteroatom doping on the stability, electronic structure, and quantum capacitance of graphene",Physica B Condensed Matter,2026,10.1016/j.physb.2026.418572,0
Magnetic Fe3O4/BiOBr for solar-light-responsive photodegradation of tetracycline antibiotic,Materials Chemistry and Physics,2026,10.1016/j.matchemphys.2026.132515,0
Life cycle carbon emissions and thermal performance of unfired bricks for sustainable construction materials,Case Studies in Construction Materials,2026,10.1016/j.cscm.2026.e05873,0
Cost-Utility Analysis of Adjuvant Osimertinib in Resected Epidermal-Growth-Factor-Receptor-Mutated Early-Stage Non-Small Cell Lung Cancer,Value in Health Regional Issues,2026,10.1016/j.vhri.2025.101567,0
"A rapid and specific loop-mediated isothermal amplification-lateral flow dipstick (LAMP-LFD) method for detecting Melissococcus plutonius, the causal agent of European foulbrood in honeybees",Journal of Invertebrate Pathology,2026,10.1016/j.jip.2026.108576,0
Utilization of Refused Derived Fuel (RDF) waste in cement-stabilized lateritic soil as a sustainable pavement base material,Case Studies in Construction Materials,2026,10.1016/j.cscm.2026.e05825,0
Mapping evidence on oral health-related quality of life in endodontics: A scoping review,Journal of Dentistry,2026,10.1016/j.jdent.2026.106690,0
A hybrid XGBoost and SHAP framework for prioritization and interaction analysis of factors driving metaverse adoption in an engineering context,Information and Software Technology,2026,10.1016/j.infsof.2026.108097,0
"Sustainable approach to anaerobically treat high-strength distillery wastewater for renewable energy recovery: Start-up strategy, reactor performance, and kinetic evaluation",Biochemical Engineering Journal,2026,10.1016/j.bej.2026.110181,0
Streptomyces rhizoryzae RET4-A017 suppresses Meloidogyne graminicola and enhances rice growth through soil microbiome modulation,Physiological and Molecular Plant Pathology,2026,10.1016/j.pmpp.2026.103203,0
Gamification as a marketing strategy for sustainable retail: Effects on consumer purchasing decisions and environmental awareness,Multidisciplinary Science Journal,2026,10.31893/multiscience.2026477,0
Comprehensive study of dielectric properties and grain boundary effects in Er2/3Cu3Ti4O12 ceramics,Materials Chemistry and Physics,2026,10.1016/j.matchemphys.2026.132553,0
Economic Evaluation and Budget Impact Analysis of Secukinumab as a Second-Line Treatment Among Patients With Psoriatic Arthritis Who Were Tumor Necrosis Factor Inadequate Responders in Thailand,Value in Health Regional Issues,2026,10.1016/j.vhri.2025.101570,0
Railway service quality in Thailand: comparing urban and rural perceptions using dual assessment,Travel Behaviour and Society,2026,10.1016/j.tbs.2026.101274,0
Green conductive hydrogel from metal–phenolic networks derived from Fe (III) and spent green tea for smart strain sensors and flexible electronics,Materials Science and Engineering B,2026,10.1016/j.mseb.2026.119443,0
Impact of immersed tube arrangements on heat transfer and solid circulation rate in a U-type loop seal with external heat exchanger in a fluidized bed reactor,Powder Technology,2026,10.1016/j.powtec.2026.122459,0
Biological and molecular characterization of Potyvirus rapae infecting chrysanthemum in Thailand,Physiological and Molecular Plant Pathology,2026,10.1016/j.pmpp.2026.103192,0
"Engineering synergy in a MoO₂/MoS₂/MoP heterojunction anchored on N,S co-doped reduced graphene oxide for high-performance supercapacitor and lithium-ion battery devices",Journal of Energy Storage,2026,10.1016/j.est.2026.122128,0
Internationalisation at home through simulation-based learning: Intercultural teamwork and professional readiness in business education,International Journal of Management Education,2026,10.1016/j.ijme.2026.101412,0
Quasistationary state gravitationally bound to Lense-Thirring Bumblebee-ModMax black hole,Annals of Physics,2026,10.1016/j.aop.2026.170489,0
Why we became targets: Bullying victimization attributions across collectivist and individualist contexts,International Journal of Intercultural Relations,2026,10.1016/j.ijintrel.2026.102397,0
An integrated spectrophotometric–zymographic approach reveals isoenzyme-specific regulation of cellulase from Coptotermes gestroi by metal ions and chemical agents,Archives of Biochemistry and Biophysics,2026,10.1016/j.abb.2026.110822,0
Green's relations and quasi-ideals in ordered semigroups,Asian European Journal of Mathematics,2026,10.1142/S1793557125501323,0
A hybrid admittance control strategy for fluid-driven origami actuators in lower limb exoskeleton,Robotics and Autonomous Systems,2026,10.1016/j.robot.2026.105416,0
Enhancing autonomous vehicle resilience: Roadside sensor networks for robust perception and decision-making in challenging environments,Array,2026,10.1016/j.array.2026.100784,0
Utilization of industrial by-products as binders and fine aggregates for one-part lightweight controlled low-strength materials: Turning waste to value approach,Case Studies in Construction Materials,2026,10.1016/j.cscm.2025.e05676,2
Development of high-CaO fly ash-based alkali-activated mortar for 3D printing technology,Case Studies in Construction Materials,2026,10.1016/j.cscm.2026.e05916,0
Competitive chloride–thiol coordination at copper-functionalized MIL-100(Fe) for signal-off glutathione detection,Sensors and Actuators B Chemical,2026,10.1016/j.snb.2026.139842,0
Mapping soil nematode communities in Thai paddy fields using eDNA metabarcoding and morphological analysis,Physiological and Molecular Plant Pathology,2026,10.1016/j.pmpp.2026.103220,0
A comprehensive review on the multifaceted biopharmaceutical applications of D-α-tocopheryl polyethylene glycol 1000 succinate (TPGS),Journal of Drug Delivery Science and Technology,2026,10.1016/j.jddst.2026.108319,0
Effect of chemical activation agents on properties of durian peel-derived activated carbon for high-energy supercapacitor applications,Biomass and Bioenergy,2026,10.1016/j.biombioe.2026.109031,1
Techno-economic-environment analysis of waste-to-energy systems in Thailand's broiler farms,Biomass and Bioenergy,2026,10.1016/j.biombioe.2026.109024,0
Controlled precipitation polymerization of molecularly imprinted polymer particles: effect of a chain transfer–catalyst system on particle uniformity and imprinting efficiency,Polymer Bulletin,2026,10.1007/s00289-026-06397-3,0
Soliton dynamics under fractional action-induced non-Markovian dissipation and memory effects,Physica A Statistical Mechanics and Its Applications,2026,10.1016/j.physa.2026.131562,0
"Correlation between smartphone addiction and posture changes, fall risk, pain, and physical function in older smartphone users: Implications for fall risk prediction",Journal of Bodywork and Movement Therapies,2026,10.1016/j.jbmt.2026.03.017,0
Investigation of curcumin encapsulation in amino-β-cyclodextrin: Insights from spectroscopic and molecular dynamic simulation techniques,Journal of Photochemistry and Photobiology A Chemistry,2026,10.1016/j.jphotochem.2026.117109,0
Acrylamide-grafted saponified natural rubber via continuous UV irradiation for silica composites,Polymer Bulletin,2026,10.1007/s00289-026-06406-5,0
Fabrication and characterization of a sandwich composite core plate for the primary load-bearing structure of a rescue robot,European Journal of Mechanics A Solids,2026,10.1016/j.euromechsol.2026.106081,0
A low-pressure high-frequency plasma CVD technique for ZnO thin film fabrication using Zn micro powder + Ar mixture gas,Vacuum,2026,10.1016/j.vacuum.2026.115310,0
Sustainable fabrication of waste snail shell derived CaO nanoparticles decorated on ZrMo2O8 composites for high-performance asymmetric coin cell supercapacitors,Journal of Energy Storage,2026,10.1016/j.est.2026.122158,0
Highly sensitive acetoin sensors using O-functionalized S-vacancy MoS2,Applied Surface Science,2026,10.1016/j.apsusc.2026.166588,0
Preliminary results of soft X-ray measurements on Thailand Tokamak-1 using silicon-based spectrometer,Fusion Engineering and Design,2026,10.1016/j.fusengdes.2026.115744,0
Valorization of pineapple leaf waste into Fe-Modified biochar for efficient H2S adsorption,Bioresource Technology,2026,10.1016/j.biortech.2026.134556,0
Macro–micro mechanical behavior of fresh and degraded ballast from triaxial testing and 3D-DEM with clustering-based polyhedral grain reconstruction,Computers and Geotechnics,2026,10.1016/j.compgeo.2026.108080,0
Biogas upgrading technologies with emphasis on membrane separation performance,Biomass and Bioenergy,2026,10.1016/j.biombioe.2026.109078,0
Tailoring subcritical water extraction conditions to enhance antioxidant selectivity from kale (Brassica oleracea var. acephala),Innovative Food Science and Emerging Technologies,2026,10.1016/j.ifset.2026.104570,0
Modeling storage stability and shelf-life of mulberry juice: Impact of ultraviolet and thermal pasteurization on quality during refrigerated storage,Food Control,2026,10.1016/j.foodcont.2026.111985,0
Evaluation of Wedelia trilobata for slope erosion control using smartphone LiDAR and digital elevation models,Catena,2026,10.1016/j.catena.2026.110018,0
"Hemp protein functional properties, amino acid profile, and growth promotion of Lactiplantibacillus plantarum via ultrasound-induced Maillard reaction with Chito-oligosaccharides",Food Chemistry,2026,10.1016/j.foodchem.2026.149299,0
"Integrated Database of Materia Medica (IDMM), a consolidated cross-cultural resource for data-driven research in traditional medicine",Journal of Ethnopharmacology,2026,10.1016/j.jep.2026.121533,0
Static analysis and calculation of fracture parameters for plates with Reissner-Mindlin plate model and peridynamic differential operator,Engineering Fracture Mechanics,2026,10.1016/j.engfracmech.2026.112075,0
Anion Gap is a Predictor of Elevated Serum Lactate in Patients Diagnosed with Sepsis without Shock in the Emergency Department,Journal of Health Science and Medical Research,2026,10.31584/jhsmr.20251233,0
A power-free sample-loading microfluidic chip integrated with a colorimetric loop-mediated isothermal amplification and a chromatic analysis via image processing for multiplex detection of parasitic diseases,Analytica Chimica Acta,2026,10.1016/j.aca.2026.345419,0
A modified titanium aluminum carbide and reduced graphene oxide hybrid as an electrode material for diverse electrochemical energy storage devices,Journal of Electroanalytical Chemistry,2026,10.1016/j.jelechem.2026.120064,0
Fabrication of hematite–hydroxyapatite nanocomposites for low photocatalytic activity in physical sunscreen applications,Materials Chemistry and Physics,2026,10.1016/j.matchemphys.2026.132474,0
Friendly and scalable method incorporating copper into ZIF-8 as a highly effective and durable for antibacterial,Microporous and Mesoporous Materials,2026,10.1016/j.micromeso.2026.114192,0
Development of yttrium-copper oxide on Mxene surface for boron doped diamond electrodes of electrochemical treatment for antibiotic removal,Desalination,2026,10.1016/j.desal.2026.120059,1
Upcycled sericin/coronene/CMC paper: dual-mode colorimetric and LDI-MS histamine detection for fish freshness assessment,Food Chemistry,2026,10.1016/j.foodchem.2026.149097,0
"Retraction notice to ‘Cobalt nanoparticles synthesizing potential of orange peel aqueous extract and their antimicrobial and antioxidant activity’ [Environ. Res. 216 (2023) 114594] (S0013935122019211), (10.1016/j.envres.2022.114594)",Environmental Research,2026,10.1016/j.envres.2026.124306,0
Sensitive detection of carbofuran in agricultural products with tunable functionalization of laser-induced graphene electrodes,Sensors and Actuators B Chemical,2026,10.1016/j.snb.2026.139686,1
"Carbon dots from tuna stick water doped with phenolic acids: Structural, optical, and physicochemical properties with enhanced antioxidant and antimicrobial activities",Food Chemistry,2026,10.1016/j.foodchem.2026.149145,0
Polar tube firing dynamics and ultrastructure from the shrimp microsporidian Ecytonucleospora hepatopenaei (EHP),Aquaculture,2026,10.1016/j.aquaculture.2026.743916,0
Crystal facet engineering and dimensional control of BIVO4 for high-efficiency photo-assisted charging supercapacitors,Journal of Energy Storage,2026,10.1016/j.est.2026.121925,0
"Fractional action hamiltonian neural networks: Long-term memory, sequential learning, and AI applications",Neurocomputing,2026,10.1016/j.neucom.2026.133389,1
"Aromatase inhibitory, anti-proliferative, and apoptosis-inducing effects of naphthoquinone-triazole derivatives for potential anti-breast cancer agents: In vitro and molecular docking studies",Biochemical and Biophysical Research Communications,2026,10.1016/j.bbrc.2026.153683,0
Biochemical components of chicken primordial germ cells are modified by cryopreservation: original analysis by Fourier Transform Infrared (FTIR) microspectroscopy,Poultry Science,2026,10.1016/j.psj.2026.106709,0
"Energy and exergy analysis of a hybrid active-passive PV cooling system with MgO-enhanced PCM, metallic microchannels, and TEGs",Renewable Energy,2026,10.1016/j.renene.2026.125651,0
Molecular mechanisms of micelle formation of coco-glucosides in an aqueous solution,Journal of Food Engineering,2026,10.1016/j.jfoodeng.2026.113016,0
Integrated thermophilic single-strain conversion of cellulose from coconut meal waste to PHB by Caldibacillus thermoamylovorans PHA005,Bioresource Technology Reports,2026,10.1016/j.biteb.2026.102675,0
"Indoleamine 2,3-dioxygenase 1 expression predicts cholangiocarcinoma patient survival",Experimental and Molecular Pathology,2026,10.1016/j.yexmp.2026.105042,0
"Unveiling a novel Neobacillus strain: Optimization, metabolomic, and genomic insights into polyvinyl chloride microplastic biodegradation",Journal of Environmental Chemical Engineering,2026,10.1016/j.jece.2026.122367,0
Electrochemical sensor based on MWCNTs/ZnONPs for detection of prostate specific antigen,Biomaterials and Biosystems,2026,10.1016/j.bbiosy.2026.100135,0
Valorization of defatted rice bran for xylose-rich syrup production via enzymatic hydrolysis using response surface methodology,Food Chemistry Advances,2026,10.1016/j.focha.2026.101289,0
Enhancing the Prognosis of Nasopharyngeal Carcinoma Using Intra- and Peritumoral Radiomics,Meta Radiology,2026,10.1016/j.metrad.2026.100206,0
Safety evaluation of an effervescent curcuminoids–ascorbic acid–polysaccharide–β-cyclodextrin (CUR-A-Poly-β-CD) inclusion complex powder in healthy volunteers: A non-placebo-controlled pilot study,Toxicology Reports,2026,10.1016/j.toxrep.2026.102243,0
Sustainable green extraction approaches for herbal phytochemicals supporting environmentally friendly and climate responsive product development,Sustainable Chemistry for Climate Action,2026,10.1016/j.scca.2026.100184,0
"Establishment of MURAi007-A, a human induced pluripotent stem cell line from a patient with inherited retinal dystrophy carrying compound heterozygous mutations in the PNPLA6 gene",Stem Cell Research,2026,10.1016/j.scr.2026.103971,0
Reducing carbapenemase-producing Gram-negative bacilli in high-risk veterinary hospital units through targeted infection prevention and control,Research in Veterinary Science,2026,10.1016/j.rvsc.2026.106120,0
Determination of plasma displacement in Thailand Tokamak-1 using the Toroidal Filament Model and Optical Boundary Reconstruction,Fusion Engineering and Design,2026,10.1016/j.fusengdes.2026.115696,0
Synthesis of multi-functional Cu-activated carbon for organic dye removal and antibacterial applications,Solid State Sciences,2026,10.1016/j.solidstatesciences.2026.108297,0
Clinical evaluation of a validated droplet digital PCR assay for the detection of Ehrlichia canis in ocular and blood specimens from seroreactive dogs,Veterinary Microbiology,2026,10.1016/j.vetmic.2026.111009,0
The Development Mechanisms of Screenwriting Personnel Utilizing Lan Xang Cultural Capital for Film Production in the Creative Industry,Studies in Media and Communication,2026,10.11114/smc.v14i2.8435,0
Optimization of extrusion parameters for germinated Tubtim Chum Phae rice flour-based extruded snack fortified with silkworm pupae using response surface methodology,Applied Food Research,2026,10.1016/j.afres.2025.101596,0
Effects of electroacupuncture as an additional treatment on lifestyle modification in patients with obesity: A randomized controlled trial,Advances in Integrative Medicine,2026,10.1016/j.aimed.2026.100643,0
Andrographolide-nanobubble co-encapsulation in niosomes for redox-modulating inflammation therapy,Journal of Drug Delivery Science and Technology,2026,10.1016/j.jddst.2026.108291,0
Interpretable machine learning framework for domestic wastewater management toward SDG 6.3,Results in Engineering,2026,10.1016/j.rineng.2026.110375,0
Anticancer potential of acetoxychavicol acetate derived from Alpinia galanga: in vitro evaluation and network pharmacology insights,Journal of Agriculture and Food Research,2026,10.1016/j.jafr.2026.102939,0
Unveiling the link between insulin-like growth factor 1 (IGF-1) and fatty liver progression: From bench to bedside,Biochimica Et Biophysica Acta Molecular Basis of Disease,2026,10.1016/j.bbadis.2026.168218,0
Chitosan enhances antimicrobial efficiency of ceftazidime against Burkholderia pseudomallei in an ex vivo skin model and cellular infections,Carbohydrate Polymer Technologies and Applications,2026,10.1016/j.carpta.2026.101114,0
Upcycling of rice bran as a cost-effective carrier for pre-encapsulated probiotics: Process optimization and application in laying-hen feed,Bioresource Technology Reports,2026,10.1016/j.biteb.2026.102629,0
"Pumpkin seed oil protects against diabetes-induced cognitive impairment through modulation of oxidative stress, Aβ/BACE-1, and apoptosis-related signaling",Journal of Functional Foods,2026,10.1016/j.jff.2026.107304,0
Fabrication of bamboo waste pellets as efficient adsorbents for methylene blue removal,Case Studies in Chemical and Environmental Engineering,2026,10.1016/j.cscee.2026.101341,0
Identification of major odorants in shrimp stock-based tom yum kung and potential of shrimp stock on saltiness enhancement to tom yum kung,Applied Food Research,2026,10.1016/j.afres.2026.102004,0
"Influence of low-dose functional agents and long cooling die temperature on physicochemical, functional and digestibility characteristics of microalgae-fortified high-moisture meat analogs",Applied Food Research,2026,10.1016/j.afres.2026.101735,0
Sangyod rice bran hydrolysate mitigates oxidative stress and inflammation in differentiated C2C12 cells and exerts protective effects in a middle-aged mouse model,Journal of Agriculture and Food Research,2026,10.1016/j.jafr.2026.102932,0
Fabrication of levan derived from Priestia koreensis HL12 into polyvinyl alcohol and gelatin based composite film for food packaging,Synthetic and Systems Biotechnology,2026,10.1016/j.synbio.2026.02.010,0
The comparison of Immune response to Third booster dose with of Vaxzevria or Comirnaty COVID-19 vaccine in healthcare workers after receiving two doses of CoronaVac,Vaccine X,2026,10.1016/j.jvacx.2026.100807,0
Influence of cellulose sponge biocarrier media on methane production and effluent quality in upflow anaerobic sludge blanket systems treating landfill leachate,Biomass and Bioenergy,2026,10.1016/j.biombioe.2026.108940,0
Structure-function relationships of industrial-dried soy protein hydrolysate processing: Dual antihypertensive and antidiabetic properties with gastrointestinal-plasma stability,Applied Food Research,2026,10.1016/j.afres.2025.101564,1
Prebiotic potential of turmeric and fingerroot polysaccharides: modulation of human gut microbiota and metabolite profiles in in vitro colonic fermentation,Applied Food Research,2026,10.1016/j.afres.2026.101948,0
"Development of oleogels from supercritical CO2-extracted bee brood oil combined with palm oil, coconut oil, and commercial oleogelators",Applied Food Research,2026,10.1016/j.afres.2025.101582,0
A new Priestia aryabhattai isolate suppresses chili pepper southern blight: Field and laboratory evidence for broad-spectrum antifungal activity,Rhizosphere,2026,10.1016/j.rhisph.2026.101335,0
Enhanced methane production from sugarcane leaves and Napier grass in one- and two-stage anaerobic digestion: The role of inoculum selection and functional gene prediction,Journal of Environmental Chemical Engineering,2026,10.1016/j.jece.2026.122606,0
Hexane extract of Pittosporopsis kerrii Craib mitigates LPS-driven inflammatory responses via JAK/STAT1 pathway inhibition in RAW 264.7 macrophages,Fitoterapia,2026,10.1016/j.fitote.2026.107223,0
"Spiritual consumption and belief systems among Gen Z: An analysis of “Mutelu” behavior in Bangkok, Thailand",Asian Journal of Social Science,2026,10.1016/j.ajss.2026.100244,0
"Sangyod rice extract attenuates oleic acid–induced hepatic steatosis by modulating apoptotic, inflammatory, and lipid metabolic pathways",Food Chemistry Molecular Sciences,2026,10.1016/j.fochms.2026.100387,0
Layer-to-layer additive manufacturing of high-strength PLA/PALF green composites using a custom 3D printing system,Cleaner Engineering and Technology,2026,10.1016/j.clet.2026.101213,0
Deep learning under severe class imbalance: A comparative study of CNNs and YOLO models for canine white blood cell classification,Computer Methods and Programs in Biomedicine Update,2026,10.1016/j.cmpbup.2026.100248,0
Novel inquiry of the fractional solutions of the optics equation and the surface tension equation by Riccati sub-equation method,Examples and Counterexamples,2026,10.1016/j.exco.2026.100222,0
"Genome and transcriptome mining of the corazonin (Crz)-like peptide and gonadotropin-releasing hormone (GnRH)-like peptides in the spotted Babylon, Babylonia areolata",Comparative Biochemistry and Physiology Part D Genomics and Proteomics,2026,10.1016/j.cbd.2025.101738,0
Texture-optimized early enteral nutrition enhances gastrointestinal recovery and caloric intake after general surgery: A randomized controlled trial,Clinical Nutrition Espen,2026,10.1016/j.clnesp.2026.103271,0
A data-driven approach for mitigation of fecal pathogen infections from unsafe WASH practices,One Health,2026,10.1016/j.onehlt.2026.101317,0
Evaluation of Biopesticide Effect and Mechanism of Hen Egg White Lysozyme Against Streptomyces scabiei Causing Potato Common Scab Disease,Current Microbiology,2026,10.1007/s00284-026-04885-3,0
High pressure processing for microbial inactivation and shelf-life extension of fructo-oligosaccharide-fortified malt beverages,Applied Food Research,2026,10.1016/j.afres.2025.101628,0
"Teachers’ perceptions of global citizenship education in Northeastern Thailand: A structural equation model of professional, cultural, and institutional influences",Social Sciences and Humanities Open,2026,10.1016/j.ssaho.2026.102511,0
Production of sugarcane-waste-derived pellets through a waste valorisation approach for sustainable biogas upgrading,Bioresource Technology Reports,2026,10.1016/j.biteb.2026.102680,0
Influence of social networks and digital competency on loneliness and mental health among older adults in Thailand: A structural equation modeling analysis,Acta Psychologica,2026,10.1016/j.actpsy.2026.106786,0
Acceptability and feasibility of the 4P care tele-nursing approach: perceptions of risk and needs of urban pregnancies at risk of preeclampsia,Midwifery,2026,10.1016/j.midw.2026.104768,0
Development and validation of an indirect ELISA based on recombinant N-P fusion protein for detecting antibodies against parrot bornavirus in psittacine birds,Veterinary Journal,2026,10.1016/j.tvjl.2026.106641,0
Investigation of core muscle activation in patients with chronic low back pain based on the 6-item movement control test battery: A secondary data analysis,Journal of Bodywork and Movement Therapies,2026,10.1016/j.jbmt.2026.02.004,0
"Improved traditional brick kiln for community-scale charcoal production: Thermal performance, microstructural characteristics, and economic evaluation",Results in Engineering,2026,10.1016/j.rineng.2026.110373,0
Enhanced radon and thoron-barrier performance of ambient‒curable natural rubber latex for sustainable building material coatings,Radiation Physics and Chemistry,2026,10.1016/j.radphyschem.2026.113680,0
Design and process optimization of an integrated turbidity removal unit in a pilot-scale continuous-flow system using hybrid coagulants for decentralized water treatment,Case Studies in Chemical and Environmental Engineering,2026,10.1016/j.cscee.2026.101327,1
Sequential extraction protocol for bio-calcium from saltwater crocodile (Crocodylus porosus) bone: Physicochemical and molecular studies,Journal of Agriculture and Food Research,2026,10.1016/j.jafr.2026.102920,0
Tailoring bioactive properties of cricket powder through optimized hydrolysis using pineapple rhizome-derived bromelain,Future Foods,2026,10.1016/j.fufo.2026.100914,0
Obesity and female reproductive health in Asian population,Obesity Pillars,2026,10.1016/j.obpill.2026.100255,0
Bioactive compounds and biological activity of extracts from Ganoderma spp. and Lentinus spp. cultivated on different wood sawdust substrates,Applied Food Research,2026,10.1016/j.afres.2026.101786,0
High pressure processing of ‘Phulae’ pineapple puree: Quality improvement and glycemic index in comparison with thermal pasteurization,Applied Food Research,2026,10.1016/j.afres.2026.101845,0
Unravelling the Bifunctional Potential of Phylloplane Yeasts from Rose Flowers: Zinc Solubilization and Biocontrol of Fungal Phytopathogens,Trends in Sciences,2026,10.48048/tis.2026.12479,0
"Impact of red kidney bean flour substitution on the nutritional, physicochemical, and functional properties of gluten-free noodles",Food Chemistry Advances,2026,10.1016/j.focha.2026.101279,0
Analysis of particulate and gaseous emissions from biodiesel combustion using dielectric barrier discharge for enhanced oxidation,Journal of the Energy Institute,2026,10.1016/j.joei.2026.102501,0
The influence of psychological capital and affective organizational commitment on intention to stay in a Thai university post-reorganization,Psychology,2026,10.12681/psy_hps.41303,0
Influence of ion type and electrolyte concentration on the electrochromic behavior of anodized porous WO3 films,Physica B Condensed Matter,2026,10.1016/j.physb.2026.418506,0
Investigation of particle accumulation under electrostatic effects in a circulating fluidized bed riser using CFD simulation and statistical experimental design and analysis,Case Studies in Chemical and Environmental Engineering,2026,10.1016/j.cscee.2026.101366,0
Polymer electrolytes for rechargeable Zn-air batteries: Emerging fabrication strategies and smart functional & machine learning perspectives,Current Opinion in Electrochemistry,2026,10.1016/j.coelec.2026.101833,0
Two undescribed isopimarane diterpenoids with anti-inflammatory activity from Kaempferia elegans rhizomes,Phytochemistry Letters,2026,10.1016/j.phytol.2026.104168,0
A sequential deep learning framework for proactive fault detection in Multi-Unit HVAC systems,Energy and Buildings,2026,10.1016/j.enbuild.2026.117399,0
Patient-driven energy resilience: Real-time coupling of clinical demand and solar photovoltaic generation in a tropical tertiary hospital,Energy for Sustainable Development,2026,10.1016/j.esd.2026.101963,0
Postural control while standing in older adults with and without mild cognitive impairment: A linear and nonlinear analysis,Gait and Posture,2026,10.1016/j.gaitpost.2026.110175,0
An explainable RF-CNN model for injury severity prediction in single-motorcycle crashes,Case Studies on Transport Policy,2026,10.1016/j.cstp.2026.101745,1
Dose-dependent effects of Nymphaea lotus extract in semen extenders on sperm quality and fertility in Thai native roosters during cooled and cryopreserved storage,Poultry Science,2026,10.1016/j.psj.2026.106848,0
"Interspecific and intraspecific variation in venom proteomics, composition, and antivenom efficacy of Thai cobras (Naja spp.): Highlighting the distinct profile of the newly identified Naja fuxi",Acta Tropica,2026,10.1016/j.actatropica.2026.108065,0
A livelihoods-based typology of farmers’ adaptive capacity to climate change in drought-prone Thailand,Social Sciences and Humanities Open,2026,10.1016/j.ssaho.2025.102415,0
Orthognathic surgery in instability of the TMJ using surgical guides and customized plates: 3 case reports,Journal of Stomatology Oral and Maxillofacial Surgery,2026,10.1016/j.jormas.2025.102689,0
"Impact of thermal processing on amino acid composition, physicochemical properties, and bioactive compounds of watermeal (Wolffia globosa) extract",Applied Food Research,2026,10.1016/j.afres.2026.101875,0
Water-centric nexus assessment and critical land-use thresholds for economic crops in central Thailand,Environmental and Sustainability Indicators,2026,10.1016/j.indic.2026.101193,0
Warfarin-Durian interaction: A case study bridging clinical outcomes and metabolic profiling through metabolomics,Toxicology Reports,2026,10.1016/j.toxrep.2026.102232,0
Graphene nanosheets and palm-shell activated carbon in PEM fuel cell gas diffusion layers,Carbon Trends,2026,10.1016/j.cartre.2026.100616,0
"Profiling and functional validation of LPS-responsive miRNAs in the giant freshwater prawn, Macrobrachium rosenbergii",Comparative Biochemistry and Physiology Part D Genomics and Proteomics,2026,10.1016/j.cbd.2025.101724,0
Exploring AI-driven deep learning approaches for optimizing space detection in single gap implantation based on CBCT images,Journal of Dentistry,2026,10.1016/j.jdent.2026.106631,0
Integrated design of wavy-rib and inclined pin-fin channels for high-efficiency thermal management,Applied Thermal Engineering,2026,10.1016/j.applthermaleng.2026.130754,0
Development of an AI literacy self-assessment questionnaire in upper primary school students,Social Sciences and Humanities Open,2026,10.1016/j.ssaho.2025.102424,0
The effect of intradermal botulinum toxin type A injection on healing of porcine full-thickness wounds,Veterinary Journal,2026,10.1016/j.tvjl.2026.106609,0
"Improving freeze-dried Cleistocalyx nervosum powder: Influence of maltodextrin addition on physical properties, microstructure, bioactive compounds, and antioxidant activity",Applied Food Research,2026,10.1016/j.afres.2026.101741,0
"Assessment of water quality and associated health risks in community-managed water systems in highland areas: A case study Chiang Rai province, Thailand",One Health,2026,10.1016/j.onehlt.2025.101290,0
"Preparation, phase evolution, and microstructural control for enhanced nonlinear properties in CaCu3Ti4O12/CaTiO3 ceramics via tetrabutyl titanate–driven sintering",Materials Research Bulletin,2026,10.1016/j.materresbull.2026.114064,0
Toxicity and horizontal transfer of agricultural insect growth regulators in Coptotermes gestroi (Wasmann) (Blattodea: Heterotermitidae),Journal of Asia Pacific Entomology,2026,10.1016/j.aspen.2026.102550,0
"Timing is everything: Investigating the impact of immediate, delayed, and combined AI-generated feedback on L2 writing proficiency",Social Sciences and Humanities Open,2026,10.1016/j.ssaho.2026.102790,0
Metal accumulation and rhizosphere microbial associations in Nymphaea lotus and Limnocharis flava from a natural wetland,Case Studies in Chemical and Environmental Engineering,2026,10.1016/j.cscee.2026.101345,0
Forward–backward splitting methods with two inertial parameters for solving inclusion problems in Banach spaces,Computational and Applied Mathematics,2026,10.1007/s40314-025-03613-0,0
Examining the influence of rider behavior on motorcycle crashes: A structural equation modeling approach using a modified MRBQ,Journal of Transport and Health,2026,10.1016/j.jth.2026.102320,0
Investigating the impacts of pre-treatment and alternative disinfection on pollutant elimination and byproduct formation in an emergency water supply system,Journal of Environmental Chemical Engineering,2026,10.1016/j.jece.2026.122321,0
Effect of a multichannel psychoeducation program on caregiving burden among caregivers of persons with schizophrenia: Randomized controlled trial,International Journal of Nursing Studies Advances,2026,10.1016/j.ijnsa.2025.100474,0
Functionalized laser-induced graphene enabled ultrasensitive electroimmunoassay for rapid hepatitis B virus detection,Bioelectrochemistry,2026,10.1016/j.bioelechem.2025.109179,3
Synergistic effect of Zn single atoms and g-C3N4 for CO2 reduction: Mechanistic insights from DFT and experiments,Journal of Environmental Chemical Engineering,2026,10.1016/j.jece.2026.122617,0
Thermal-stable rotor with enhanced cooling design for efficient electric motor applications,Hardwarex,2026,10.1016/j.ohx.2026.e00770,0
Influence of hedge bamboo moisture content on wood vinegar quality in a direct-heated gasifier-burner-kiln system,Case Studies in Chemical and Environmental Engineering,2026,10.1016/j.cscee.2026.101361,0
Red blood cell membrane protein polymorphisms related to risk of malaria infection in the population living in malaria-endemic areas of Thailand: An analytic cross-sectional study,Parasitology International,2026,10.1016/j.parint.2025.103197,0
Stress-conditioned permeability evolution and hydro–mechanical coupling in cement-treated clay and sand using low-carbon hydraulic cement,Results in Engineering,2026,10.1016/j.rineng.2026.110241,0
Hybrid design strategies for microchannel cooling systems: Pin-fins and wavy wall synergies,International Communications in Heat and Mass Transfer,2026,10.1016/j.icheatmasstransfer.2026.111027,0
Resource recovery and fuel potential of pyrolysis products from waste cooking oil sludge,Case Studies in Chemical and Environmental Engineering,2026,10.1016/j.cscee.2026.101384,0
Managing green supply chain performance through digital twin technology – insights from SMEs and large firms,Journal of Open Innovation Technology Market and Complexity,2026,10.1016/j.joitmc.2026.100762,0
Enhancement in thermal and energy saving performance of a rotary dryer with a heat distribution pipe for convective drying of Thai jasmine rice grains,Cleaner Energy Systems,2026,10.1016/j.cles.2026.100243,0
Development and internal validation of machine learning in predicting prognosis of acute kidney injury patients in resource-limited setting,Journal of Critical Care,2026,10.1016/j.jcrc.2026.155479,1
Green loans and energy-efficient technology adoption: Evidence on sectoral heterogeneity in SMEs,Electricity Journal,2026,10.1016/j.tej.2026.107534,1
Enhancing teachers’ learning design capacity via a dual curriculum integrating digi modernism and educational neuroscience,Social Sciences and Humanities Open,2026,10.1016/j.ssaho.2025.102310,1
High-entropy antiperovskite metal nitrides with nitrogen vacancies as magnetic sonocatalysts for ciprofloxacin degradation,Materials Today Catalysis,2026,10.1016/j.mtcata.2026.100140,0
Effects of Saccharomyces cerevisiae fermented citric waste inclusion in the diet on animal performance,Veterinary and Animal Science,2026,10.1016/j.vas.2026.100655,0
Continuous gasification-pyrolysis of fresh palm fruit bunches for biochar production and carbon sequestration,Case Studies in Chemical and Environmental Engineering,2026,10.1016/j.cscee.2025.101309,4
Experimental investigation of triangular transversely corrugated tubes for solar air collectors under low solar irradiance,Solar Compass,2026,10.1016/j.solcom.2026.100165,0
Methodological development and validation of the Thai traditional medicine-based depression care program for older adults,Methodsx,2026,10.1016/j.mex.2026.103916,0
"Cognition, care, and cultural place-making: Narrative responses across two museum settings",Social Sciences and Humanities Open,2026,10.1016/j.ssaho.2026.102602,0
Beyond the green facade: Exploring retail investor behavior in response to ESG fund greenwashing in Thailand,Social Sciences and Humanities Open,2026,10.1016/j.ssaho.2026.102757,0
"Sequential extraction of Caulerpa lentillifera and C. racemosa var. corynephora: FTIR-based phytochemical characterization, antioxidant properties, and bioaccessibility",Applied Food Research,2026,10.1016/j.afres.2026.102026,0
Regulatory pathways for smarter and flexible electricity network in Thailand: Enabling flexibility through DSO development,Electricity Journal,2026,10.1016/j.tej.2026.107544,0
Electrochemical sensor for direct HIV-1 DNA detection using ruthenium assembled on a pyrrolidinyl peptide nucleic acid-DNA hybrid,Bioelectrochemistry,2026,10.1016/j.bioelechem.2025.109172,1
"Mechanisms of sustainable leadership development: The role of scientific literacy, thinking skills, and green consumption awareness",Journal of Open Innovation Technology Market and Complexity,2026,10.1016/j.joitmc.2026.100775,0
"Environmental health factors and dengue risk mapping using spatial-AHP: A case study in Nakhon Nayok Province, Thailand",Spatial and Spatio Temporal Epidemiology,2026,10.1016/j.sste.2026.100808,0
Beyond antifungal efficacy: Rethinking plant-synthesized silver nanoparticles through fungal responses observed by Kah et al. (2026),Food Microbiology,2026,10.1016/j.fm.2025.105003,0
Berberine-modified carbon surfaces as supports for platinum-based anode electrodes in alcohol electro-oxidation,Sustainable Chemistry and Pharmacy,2026,10.1016/j.scp.2026.102365,0
Sharp force injury-related deaths: A 20-year forensic autopsy study from Thailand,Forensic Science International Reports,2026,10.1016/j.fsir.2026.100472,0
"1,2-propanediol production via hydrogenolysis and aqueous phase reforming over dual-function catalysts derived from Cu0.3Mg1.7Al-LDO using industrial crude glycerol as feed",Journal of Environmental Chemical Engineering,2026,10.1016/j.jece.2026.122267,0
Enzyme-loaded thermoplastic starch films incorporating papain and bromelain for active meat tenderization,Future Foods,2026,10.1016/j.fufo.2025.100855,1
Development of a household composting method for fruit and vegetable waste using a combination of decomposer bacteria and hydrolytic enzymes,Environmental Technology and Innovation,2026,10.1016/j.eti.2026.104902,0
Industry 4.0 technologies adoption and competitive advantage: Mediating roles of circular economy and sustainable manufacturing in emerging economies,Digital Business,2026,10.1016/j.digbus.2026.100168,0
Confirmation that host reverse transcriptase is required to maintain persistent dengue virus infections in mosquito cells,Developmental and Comparative Immunology,2026,10.1016/j.dci.2026.105608,0
Driving the Dissemination of Chinese Intangible Cultural Heritage in the Digital Age: An Exploratory Study of Key Factors,Studies in Media and Communication,2026,10.11114/smc.v14i2.8221,0
New Concept of Electromagnetic Impact-driven Jet Injector with Enhancement of Jet Power and Control,Journal of Applied Fluid Mechanics,2026,10.47176/jafm.19.6.4103,0
Challenges in promoting coral reef management through community involvement: A case study of Kham Island in the Gulf of Thailand,Social Sciences and Humanities Open,2026,10.1016/j.ssaho.2026.102663,0
Development of new sustainable biopolymer films based on carboxymethyl cellulose derived from Spirogyra sp.,Future Foods,2026,10.1016/j.fufo.2026.100944,0
Cube-full primitive roots,Asian European Journal of Mathematics,2026,10.1142/S1793557125501153,0
Investigating anti-aging effect of the 4 major flavonoid bioactive compounds reported in Bua Sai perianth through in silico molecular modeling and in vitro analysis,Future Foods,2026,10.1016/j.fufo.2026.100931,0
Health-based risk assessment and surveillance benchmarks for antibiotic-resistant E. coli in treated hospital effluents,International Journal of Hygiene and Environmental Health,2026,10.1016/j.ijheh.2026.114800,0
"Promoting green economic growth: The role of renewable energy, energy efficiency, environmental regulation, and governance in the G7 countries",Energy Reports,2026,10.1016/j.egyr.2025.12.055,4
"Preparation, functional and bioactive characterization of antioxidant and antidiabetic gelatin hydrolysates derived from bones and skins of bigeye snapper processing byproducts",Applied Food Research,2026,10.1016/j.afres.2026.101977,0
"Characterization of Osborne-extracted proteins from black soldier fly (Hermetia illucens) larvae: Functional properties, allergenicity, bioactivities, and acute toxicity",Applied Food Research,2026,10.1016/j.afres.2026.101701,0
Nutritional and metabolomic analysis of Selaginella argentea with in vitro and network pharmacology evidence of Alzheimer’s disease-preventive activity,Future Foods,2026,10.1016/j.fufo.2026.100966,0
Prediction of primary human targets and toxicity mechanisms of imidacloprid using integrative In Silico approaches,Toxicology Reports,2026,10.1016/j.toxrep.2026.102199,0
Quantifying the effects of pest pressure and peer networks on pesticide purchasing decisions among Thai farmers,Sustainable Futures,2026,10.1016/j.sftr.2026.101731,0
"Biological Performance of Modified Glass Ionomer Cement: Antibacterial Activity, Cytocompatibility, and Rabbit Pulpal Response",International Dental Journal,2026,10.1016/j.identj.2026.109491,0
Performance comparisons of three rapid screening methods for the G6PD deficiency test in newborns,Journal of Associated Medical Sciences,2026,10.12982/JAMS.2026.007,0
Valorization of chicken manure into biochar and compost for acidic soil amendment and lettuce productivity,Environmental Technology and Innovation,2026,10.1016/j.eti.2026.104900,0
Distance-Dependent competitive dynamics of high-speed rail: A comparative machine learning approach for predicting mode choice and market share redistribution,Results in Engineering,2026,10.1016/j.rineng.2026.110196,0
"Sustainable valorization of ground tire rubber in natural rubber foams: Influence of particle size and loading on mechanical, physical, thermal, and tribological properties",Circular Economy,2026,10.1016/j.cec.2026.100194,0
Phytochemical investigation of Derris scandens vine segments: Isoflavones and a bidesmosidic triterpene,Phytochemistry Letters,2026,10.1016/j.phytol.2026.104148,0
"Structural modifications, volatile profile, digestibility and bioactivities of threadfin bream surimi seafood with added microbial transglutaminase",Applied Food Research,2026,10.1016/j.afres.2025.101637,1
Optimization of Laccase Production by Megasporoporia sp. for Bioremoval of Methyl Orange and Cr(VI),Trends in Sciences,2026,10.48048/tis.2026.12723,0
Hybrid mechanistic modeling of integrated enzymatic and vacuum processing for sustainable banana syrup production,Applied Food Research,2026,10.1016/j.afres.2026.101780,0
"Carbon Sequestration Potential of Tree Species in Valaya Alongkorn Rajabhat University Under the Royal Patronage, Pathum Thani Province, Thailand",Gmsarn International Journal,2026,,0
Comparative insights into cultivar-dependent nutritional and antioxidant responses to germination across eight rice cultivars,Applied Food Research,2026,10.1016/j.afres.2026.101930,0
"Integrated nuclear rDNA, mitochondrial genome, and morphological characterization of minute intestinal fluke larvae (Plagiorchis sp.) from Phayao Province, Thailand",Acta Tropica,2026,10.1016/j.actatropica.2026.108070,0
Fed-batch simultaneous saccharification and fermentation for valorization of sugarcane bagasse to lactic acid and evaluation of the residual solids as nutrient-rich feed ingredient,Carbon Resources Conversion,2026,10.1016/j.crcon.2025.100396,1
Oleogel prepared from supercritical CO2-extracted cricket oil: Evaluation of its properties and storage stability,Future Foods,2026,10.1016/j.fufo.2026.100962,0
Antibacterial performance of a novel Ag/PDA-coated PTFE membrane in photothermal air-gap membrane distillation system for upgrading hospital effluent quality with water flux enhancement,Environmental Technology and Innovation,2026,10.1016/j.eti.2026.104868,0
"Effect of yeast β-glucan and spirulina enrichment on physical, structural, and nutritional properties of breads",Applied Food Research,2026,10.1016/j.afres.2026.102009,0
Unlocking the community potential through tourism: Validating the KICK SMART driver framework for sustainable livelihoods using structural equation modeling,Social Sciences and Humanities Open,2026,10.1016/j.ssaho.2026.102730,0
An integrated waste-to-value bioprocess: Two-stage Limnospira (Spirulina) platensis cultivation in hydroponic effluent with second-stage light regulation for sustainable biomass valorization,Bioresource Technology Reports,2026,10.1016/j.biteb.2026.102684,0
Invariant solutions of the Cahn–Hilliard fluid,Examples and Counterexamples,2026,10.1016/j.exco.2026.100221,0
Innovative ohmic-assisted thermal sterilization: Advanced thermal processing of salmon-based wet cat foods,Applied Food Research,2026,10.1016/j.afres.2026.101778,0
Innovative learning approaches to develop students’ Design thinking skills through digital technology and local wisdom in border patrol police schools,Thinking Skills and Creativity,2026,10.1016/j.tsc.2025.102047,0
Effect of oil-sludge loading on synergistic interactions and fuel quality in tri-pyrolysis of oil palm biomass and polypropylene,Case Studies in Chemical and Environmental Engineering,2026,10.1016/j.cscee.2026.101383,0
"Integrating non-motorized transportation with light rail transit: travel demand models for Rayong, Thailand",Case Studies on Transport Policy,2026,10.1016/j.cstp.2026.101767,0
Photo-Fenton dye degradation by BiOCl/Bi[Fe(CN)6]·4H2O prepared by mechanical milling,Journal of Photochemistry and Photobiology A Chemistry,2026,10.1016/j.jphotochem.2026.117029,0
"Development of self-compacting mortar incorporating calcium carbonate and waste garnet: Workability, strength, and fire durability assessment",Results in Engineering,2026,10.1016/j.rineng.2026.110469,0
Enhancing the resistant starch content of cassava starch via heat-moisture treatment for application as a prebiotic in chicken feed,Veterinary and Animal Science,2026,10.1016/j.vas.2026.100630,0
Community-based interventions to improve tuberculosis treatment outcomes: A meta-analysis,Methodsx,2026,10.1016/j.mex.2026.103893,0
Development of healthier pomelo peel soft candies: Utilizing stevia and erythritol as a sugar substitute and natural ingredients for enhanced flavor and shelf-life,Applied Food Research,2026,10.1016/j.afres.2026.101798,0
Enhancing the nutritional value of traditional thai glutinous rice crackers (Khao Kriap Wow) with black glutinous rice flour,Applied Food Research,2026,10.1016/j.afres.2026.101748,0
"Development, validation, and comparative evaluation of an immersive virtual reality for MRI patient preparation training in radiologic technology education",Computers and Education X Reality,2026,10.1016/j.cexr.2026.100134,0
Microwave-assisted synthesis of boron and nitrogen co-doped carbon dots immobilized on SiO2 nanoparticles for high-resolution latent fingerprint detection,Optical Materials,2026,10.1016/j.optmat.2026.117919,0
"Influence of hydrocolloid type as an emulsion stabilizer on the formation, texture, and stability of yolk-free salad dressing",Applied Food Research,2026,10.1016/j.afres.2026.102028,0
Mechanistic Insights into the Enhancement of Natural Dyeability of PLA Fabrics via Atmospheric DBD Plasma Treatment,Trends in Sciences,2026,10.48048/tis.2026.12824,0
Nutritional enhancement and glycemic regulation of breadsticks enriched with Wolffia globosa powder,Applied Food Research,2026,10.1016/j.afres.2026.101711,0
Combustion characteristics of hydrous ethanol as a sustainable diesel replacement in industrial boilers,Applied Thermal Engineering,2026,10.1016/j.applthermaleng.2026.130897,0
"Life cycle assessment of converting waste plastics into activated carbon: A comparative analysis of HDPE, LDPE, PS, and PP feedstocks",Cleaner Environmental Systems,2026,10.1016/j.cesys.2026.100436,0
"Hydrological modeling of flood impacts under land use and land cover change: A systematic review of tools, trends, and challenges",Methodsx,2026,10.1016/j.mex.2025.103724,1
Influence of iron (II) and acetic acid on arsenite and arsenate sorption by magnetite under oxic conditions,Annals of Agricultural Sciences,2026,10.1016/j.aoas.2026.100411,0
Bioactive cationic waterborne polyurethane based on palm oil via thiol-ene click reaction: Integrating chitosan and Aloe vera for advanced biomedical materials,Progress in Organic Coatings,2026,10.1016/j.porgcoat.2026.110093,0
"Neuroreading for inequality education teaching model to enhance attention, working memory, and reading skills: Adaptive arguments in educational design research",Social Sciences and Humanities Open,2026,10.1016/j.ssaho.2026.102628,0
Miniaturized chromate-free chloride assay in fish sauce based on linear height calibration of AgCl precipitate in inverted microtubes,Green Analytical Chemistry,2026,10.1016/j.greeac.2026.100343,0
Transforming historical literacy into sustainable cultural tourism behavior: The mediating role of social and critical thinking in tourism education,Sustainable Futures,2026,10.1016/j.sftr.2026.101794,0
Multidimensional quality profiling and classification of Kapi-pla: A sustainable southern Thai fermented fish paste,Applied Food Research,2026,10.1016/j.afres.2026.101975,0
Risk assessment of heavy metals exposure from consumption of salted-sun-dried fish,Food Chemistry Advances,2026,10.1016/j.focha.2026.101283,0
Proteomic insights into the effects of cryopreservation on sperm of endangered Eld’s deer (Rucervus eldii),Reproductive Biology,2026,10.1016/j.repbio.2026.101200,0
"The development model of innovative leadership among HR managers in hotel management entering wellness tourism: An empirical study of wellness tourism hotels in Phuket, Thailand",World Development Sustainability,2026,10.1016/j.wds.2026.100270,0
"Combined effects of comminution and gamma irradiation on the physicochemical, techno-functional, and antioxidant properties of defatted rice bran",Applied Food Research,2026,10.1016/j.afres.2026.101800,0
Antioxidant peptide from Synechococcus marine microalgae with therapeutic potential against human colon adenocarcinoma,Future Foods,2026,10.1016/j.fufo.2025.100895,0
Continuous inclined-screw torrefaction with off-gas heat integration: pilot-scale residence-time impacts on severity and fuel quality,Case Studies in Chemical and Environmental Engineering,2026,10.1016/j.cscee.2026.101339,0
MXenes in electrochemical biosensors: From 2D platforms to clinical diagnostics,Microchemical Journal,2026,10.1016/j.microc.2026.118097,0
Continuous production of expanded perlite for gypsum plaster using an updraft gasifier–cyclonic burner: Influence of burner temperature and feed particle size,Applications in Energy and Combustion Science,2026,10.1016/j.jaecs.2026.100490,0
"Potential of the signature index (S-index), a diffusion MRI Biomarker, to enhance diagnosis of clinically significant prostate cancer and decrease the rate of unnecessary biopsies",European Journal of Radiology,2026,10.1016/j.ejrad.2026.112788,0
Association of bacterial leaf blight with seed-associated bacterial communities in Thai fragrant rice revealed by combined amplicon sequencing and targeted detection,Journal of Plant Diseases and Protection,2026,10.1007/s41348-026-01258-7,0
ETL-free and HTL-free perovskite solar cell as the simplified power source for energy-frugal indoor IoTs,Results in Engineering,2026,10.1016/j.rineng.2026.110377,0
"Design, optimization, and validation of an additively manufactured oblique polymer microchannel heat exchanger for waste heat recovery",Applied Thermal Engineering,2026,10.1016/j.applthermaleng.2026.130991,0
"Multiphysics simulation of laser tattoo removal and prediction of required sessions: Effects of fluence, ink concentration, and tattooed dermal thickness",International Communications in Heat and Mass Transfer,2026,10.1016/j.icheatmasstransfer.2026.111192,0
High burden and spatial clustering of canine hemoparasitic infections in southern Thailand: A molecular survey of free-roaming dogs,One Health,2026,10.1016/j.onehlt.2026.101365,0
"Larval, pupal, and adult developmental stages as distinct sources for optimizing preparation, bioactivity, and gastrointestinal stability of mealworm-derived peptides in functional foods",Food Research International,2026,10.1016/j.foodres.2026.118987,0
"Effects of green banana powder and Lactobacillus plantarum supplements on growth performance, antioxidant and immune responses of Nile Tilapia Oreochromis niloticus",Animal Feed Science and Technology,2026,10.1016/j.anifeedsci.2026.116777,0
Economic valuation of particulate matter (PM10 and PM2.5) health impacts in urban Thailand: A life cycle impact assessment complement to risk-based frameworks,Sustainable Horizons,2026,10.1016/j.horiz.2026.100187,0
Scalable boundary-preserving multi-class classification via k-d tree-accelerated vector generation,International Journal of Data Science and Analytics,2026,10.1007/s41060-025-00904-x,0
"Physics-informed neural networks in the energy sector: Progress, trends, and future directions",Energy Reports,2026,10.1016/j.egyr.2025.109013,1
Synthesis of fluorinated analogues of oxyresveratrol and their cytotoxic activity against HepG2 and Caco-2 cancer cells,Journal of Chemical Sciences,2026,10.1007/s12039-026-02501-2,0
Finite element model for linear and nonlinear response of sandwich curved beams composed of FG-GPLRC faces and FG-TPMS core under multiple moving forces,Advances in Engineering Software,2026,10.1016/j.advengsoft.2026.104163,0
Toward sustainable production of 5-hydroxymethylfurfural from biomass-derived glucose through acidity-tuned zeolite catalysts,Sustainable Chemistry and Pharmacy,2026,10.1016/j.scp.2026.102405,0
Weed classification in sugarcane fields in Northeast Thailand from multi-temporal Sentinel-1 and Sentinel-2 data together with random forest algorithm,Science of Remote Sensing,2026,10.1016/j.srs.2025.100352,0
Mitigating carbon emissions in a legacy spark-ignition engine via ammonia supplementation: An efficiency-NOx trade-off study,Case Studies in Chemical and Environmental Engineering,2026,10.1016/j.cscee.2026.101343,0
Weapons of the weak in a border zone: How Myanmar’s exiled youth in Mae Sot forge political space and challenge the junta through everyday resistance,Asian Journal of Social Science,2026,10.1016/j.ajss.2026.100246,0
Modeling thermal dynamics of lithium-ion batteries via fractional action memory effects,Journal of Energy Storage,2026,10.1016/j.est.2026.121982,0
AI and worker well-being: Differential impacts across generational cohorts and genders,Social Sciences and Humanities Open,2026,10.1016/j.ssaho.2026.102755,0
Biomechanical evaluation of mesh-based mandibular reconstruction plates and their implication for temporomandibular joint prosthesis,Results in Engineering,2026,10.1016/j.rineng.2026.110026,0
Circular economy in Southeast Asia: insights from an exploratory analysis of 75 business cases,Cleaner Environmental Systems,2026,10.1016/j.cesys.2026.100439,0
Valorization of cocoa bean shell into high-value bioactive extracts as functional food ingredients using green extraction techniques: Enzyme-assisted and ultrasound-assisted methods,Applied Food Research,2026,10.1016/j.afres.2026.101813,0
The interplay of teacher cognition and student voice in feedback practices: A case study from Thai higher education,Social Sciences and Humanities Open,2026,10.1016/j.ssaho.2026.102521,0
Effect of intelligent tutoring system-delivered scaffolding on mathematics progression: A multivariate study by school type and gender,Social Sciences and Humanities Open,2026,10.1016/j.ssaho.2025.102277,0
Bursicon homodimers enhance the expression of innate immune genes and delay WSSV-induced mortality in Litopenaeus vannamei,Fish and Shellfish Immunology,2026,10.1016/j.fsi.2026.111271,0
"Optimizing Window-to-Floor Ratio and Glazing for Daylight and Cooling in Tropical Educational Buildings: A Case Study in Chiang Mai, Thailand",Journal of Daylighting,2026,10.15627/jd.2026.3,0
Cadmium-resistant bacteria inoculation enhances growth and cadmium phytoextraction efficiency of Celosia argentea L. in contaminated agricultural soil,Case Studies in Chemical and Environmental Engineering,2026,10.1016/j.cscee.2026.101390,0
Assessment of post-consumer plastic packaging waste flow in Chiang Mai: Challenges for low- and high-value plastic waste streams towards a circular economy,Cleaner Environmental Systems,2026,10.1016/j.cesys.2026.100424,0
"Black hole in cored plummer dark matter environment: Novel solution, light ring, shadow, lensing, lyapunov exponent, eikonal quasinormal modes and thermodynamics-phase transition",Physics of the Dark Universe,2026,10.1016/j.dark.2026.102264,0
"Flexible benefits, workforce diversity, and working conditions as determinants of work-life balance among unionized employees in Thailand: A mixed methods study",Social Sciences and Humanities Open,2026,10.1016/j.ssaho.2026.102656,0
Ethnic predictors of protective and risky behaviors in the 2025 Mae Hong Son earthquake: A mixed-methods study,Social Sciences and Humanities Open,2026,10.1016/j.ssaho.2026.102472,0
Hierarchical micro-mesoporous hard carbon engineered from biomass for durable sodium-ion batteries,Journal of Environmental Chemical Engineering,2026,10.1016/j.jece.2026.122652,0
Molecular Imprinted Polymer on Bagasse Cellulose Fibers for Selective Enrichment of Carbamate Insecticides Analysis,Food Analytical Methods,2026,10.1007/s12161-026-03085-w,0
Measuring AI responsibility: A cross-country validation of a multidimensional framework,International Journal of Information Management Data Insights,2026,10.1016/j.jjimei.2026.100388,0
The EQUAL model for equity: A systems-based design to prevent school dropout in Thailand,International Journal of Educational Research Open,2026,10.1016/j.ijedro.2025.100556,0
Combinations without specified separations,Communications in Combinatorics and Optimization,2026,10.22049/cco.2024.29370.1959,2
Ageing Alone and Well-being: Ethnographic Insights from Older Adults in Northern Thailand,Journal of Cross Cultural Gerontology,2026,10.1007/s10823-026-09566-z,0
Anti-Aspergillus flavus activity and probiotic properties of lactic acid bacteria isolated from the digestive tract of edible crickets,Archives of Microbiology,2026,10.1007/s00203-026-04827-4,0
"General Heun function, Damour–Ruffini method and Klein–Gordon equation in static black holes with nonlinear electrodynamics",Annals of Physics,2026,10.1016/j.aop.2026.170422,1
An unsupervised pipeline for class-agnostic object detection using self-supervised vision transformers and Kolmogorov–Arnold Networks,Machine Learning with Applications,2026,10.1016/j.mlwa.2026.100870,0
"Exploring the role of personalization, customer engagement, and perceived value in online travel agency (OTA) loyalty: A structural equation modeling approach",Multidisciplinary Science Journal,2026,10.31893/multiscience.2026409,0
Evaluating lab assistant chatbot on student learning and behaviors in a programming short course,Computers and Education Artificial Intelligence,2026,10.1016/j.caeai.2025.100527,0
Land Use for Developing Areas Around High-Speed Railway Stations in Lao PDR: A Case Study of Guidelines for the Transit-Oriented Development in the Vientiane Capital and Vang Vieng,Gmsarn International Journal,2026,,0
Advanced stochastic-fuzzy modelling of electricity prices,Sadhana Academy Proceedings in Engineering Sciences,2026,10.1007/s12046-026-03092-x,0
Circular economy business model innovation in community enterprises: A grounded theory study of Gros Michel Banana processing in Thailand,Sustainable Futures,2026,10.1016/j.sftr.2026.101725,0
Malva nut mucilage prepared by alkaline-aided extraction: Application as a co-structuring agent to enhance stability and encapsulation efficiency of alginate-based composite hydrogel,Applied Food Research,2026,10.1016/j.afres.2026.102032,0
"Parental understanding, awareness, and participation regarding the use of non-pharmacological pain management for their infants",Journal of Neonatal Nursing,2026,10.1016/j.jnn.2026.101833,0
Harmonizing health logistics: A digital framework for balancing medical cannabis demand and supply,Social Sciences and Humanities Open,2026,10.1016/j.ssaho.2026.102484,0
Optimized In Vitro Culture Media and Plant Growth Regulators Enhance Propagation and Steviol Glycoside Yield in Stevia rebaudiana Bertoni,Trends in Sciences,2026,10.48048/tis.2026.11671,1
Real-Time delay prediction for single-track intercity railways,Multimodal Transportation,2026,10.1016/j.multra.2025.100288,1
Postmortem pancreatic autolysis as a histological marker of early postmortem interval: a forensic autopsy study in a tropical setting,Forensic Science International Synergy,2026,10.1016/j.fsisyn.2026.100659,2
Biological activities and safety assessment of Teleogryllus mitratus extracts for skin delivery via nanoemulsion-based systems,International Journal of Pharmaceutics X,2026,10.1016/j.ijpx.2026.100542,0
Black Gram (Vigna mungo L.) Hull as a Source of Soluble Dietary Fiber: Preparation and Application in Chocolate Cake With Lowering Glycemic Index,Legume Science,2026,10.1002/leg3.70107,0
Peer Role-Play Integration in Flipped Classroom Education Enhances Medical Students' Clinical Reasoning in Child Abuse Management: A Quasi-Experimental Study,Clinical Teacher,2026,10.1111/tct.70419,0
Taking offense in ELF dyadic intercultural communication,Social Sciences and Humanities Open,2026,10.1016/j.ssaho.2026.102574,0
Local wisdom as community-based knowledge for open innovation ecosystems: A PCEI model from Thailand,Journal of Open Innovation Technology Market and Complexity,2026,10.1016/j.joitmc.2026.100771,0
"System dynamics analysis on greenhouse gas emissions from municipal solid waste disposal under waste management policy: Case study Bangkok, Thailand",Cleaner Waste Systems,2026,10.1016/j.clwas.2026.100502,0
"Barriers to sustainable rural electrification: A PESTEL-based qualitative case study of Mae Hong Son Province, Thailand",Energy for Sustainable Development,2026,10.1016/j.esd.2026.101935,0
Proteomic Profiling of PTEN Inhibition on Periodontal Ligament Stem Cells,International Dental Journal,2026,10.1016/j.identj.2026.109493,0
Predicted changes to intercity modes of transportation following the introduction of high-speed rail across various distances,Case Studies on Transport Policy,2026,10.1016/j.cstp.2026.101783,0
Low IGF-1 combined with a single clonidine stimulation test as a confirmatory tool for pediatric growth hormone deficiency,Growth Hormone and IGF Research,2026,10.1016/j.ghir.2026.101698,0
Effect of ultrasonic–microwave-assisted extraction combined with an aqueous two-phase system on the extraction of bioactive compounds and their bioactivities from red water lily (Nymphaea pubescens Willd.),Applied Food Research,2026,10.1016/j.afres.2026.102024,0
The mediating role of supply chain resilience in the relationship between AI capabilities and sustainability performance: evidence from manufacturing SMEs,Sustainable Futures,2026,10.1016/j.sftr.2026.101677,1
Trust-centered digital supply chain finance adoption model: mitigating opportunistic behavior and enhancing collaboration for Industry 5.0 and social sustainability,Cleaner Logistics and Supply Chain,2026,10.1016/j.clscn.2026.100311,0
Achieving project success in construction management during the COVID-19 pandemic: A logical model approach,Social Sciences and Humanities Open,2026,10.1016/j.ssaho.2026.102712,0
Percentile-based slope-constrained linear interpolation for robust imputation of highly volatile PM2.5 time series,Methodsx,2026,10.1016/j.mex.2026.103859,0
Case study on a compact and effective additively manufactured octahedral lattice heat exchanger: experimental and CFD validation,Applied Thermal Engineering,2026,10.1016/j.applthermaleng.2026.130959,0
Designing a Phenomenon-Based Learning Boxset to foster scientific literacy in under-resourced schools,Social Sciences and Humanities Open,2026,10.1016/j.ssaho.2026.102601,0
Voltage Deviation Improvement in Active Distribution Network Using Battery Energy Storage System Optimal Voltage Droop Control,Gmsarn International Journal,2026,,0
Embedding sustainability in the TOE framework: A digital-driven transformation of state-owned enterprises in the electricity sector toward achieving the SDGs,Sustainable Futures,2026,10.1016/j.sftr.2026.101866,0
Loss-aware multi-objective optimization framework for efficiency and cost improvement in spoke-type permanent magnet synchronous motor,Engineering Science and Technology an International Journal,2026,10.1016/j.jestch.2026.102385,0
Integrated brine purification and scale mitigation strategy for vacuum pan salt production: Mechanistic insights and industrial solutions,Chemical Engineering Journal,2026,10.1016/j.cej.2026.176239,0
Fostering global-ready leaders: a mixed-methods study of an AI-Driven Sustainable Entrepreneurship curriculum for the globalized hospitality sector,Research in Globalization,2026,10.1016/j.resglo.2026.100345,0
Fat composition and lipid oxidation in raw and cooked minced meat and skin of spent laying and broiler ducks,Applied Food Research,2026,10.1016/j.afres.2026.101998,0
Information management practices for smart city development in Thailand,Social Sciences and Humanities Open,2026,10.1016/j.ssaho.2025.102411,0
Understanding the link between mental health disorders and professional quality of life among humanitarian workers: A cross-sectional study from the Thai-Myanmar border,Public Health in Practice,2026,10.1016/j.puhip.2025.100694,0
"Spatial prediction of the probability of liver fluke infection using a geographic weighted regression (GWR) model in waterways connecting the Mekong River, Sakon Nakhon of Thailand",One Health,2026,10.1016/j.onehlt.2026.101320,0
Pleasure on a plate: Thai fine dining as a new form of recreation,International Journal of Gastronomy and Food Science,2026,10.1016/j.ijgfs.2026.101480,0
Evaluating the quality of pellets durian peel waste: potential and carbon footprint on production,Sustainable Chemistry for Climate Action,2026,10.1016/j.scca.2026.100196,0
Feasibility study of near-infrared spectroscopy for monitoring fermentative soaking and screening prediction of cooked glutinous rice texture,Microchemical Journal,2026,10.1016/j.microc.2026.118046,0
Weaving the future: AI-driven tacit knowledge capture and digital servitization in the Thai textile heritage industry,Social Sciences and Humanities Open,2026,10.1016/j.ssaho.2026.102815,0
Characterization of composite sarcoplasmic protein films with acid- and alkaline-isolated myofibrillar protein and red water lily petal extract for edible seafood packaging,Applied Food Research,2026,10.1016/j.afres.2026.101997,0
Circularity approach: Mechanical properties and carbon dioxide emissions assessment of polypropylene recycled from car bumpers in the end of life vehicles,Results in Engineering,2026,10.1016/j.rineng.2026.110465,0
Intratumoral abscess in papillary type craniopharyngioma with meningitis: a case report,Interdisciplinary Neurosurgery Advanced Techniques and Case Management,2026,10.1016/j.inat.2026.102252,0
Measurement of Alcohol Type and Concentration in Hand Gel Sanitizers During the COVID-19 Era: A Review Article for the Future World Health Pandemic Situation,Trends in Sciences,2026,10.48048/tis.2026.13035,0
Forging sustainable futures: A mixed-methods analysis of customer loyalty in Thailand's home-building industry,Cleaner Production Letters,2026,10.1016/j.clpl.2025.100112,1
Numerical Investigation of Single Air Flow by Convergent-angle Injection of Airblast Atomizer,Journal of Applied Fluid Mechanics,2026,10.47176/jafm.19.6.3929,0
"BRAFV595E detection, uroplakin II expression and PAS staining for diagnosing canine urothelial carcinoma",Veterinary Research Communications,2026,10.1007/s11259-026-11177-5,0
A Novel Technique for Recanalizing Below-the-Ankle Lesion in Chronic Limb-Threatening Ischemia: Wire Exteriorization via the Wound,Journal of Vascular and Interventional Radiology,2026,10.1016/j.jvir.2026.108687,0
"Structural, optical, electrical, and radiation-response characteristics of sputtered granular CsI:Si layers on Si substrates",Optical Materials,2026,10.1016/j.optmat.2026.118006,0
The twin transition in emerging economies: Synergizing artificial intelligence and sustainable business model innovation in Thailand’s BCG economy,Sustainable Futures,2026,10.1016/j.sftr.2026.101789,0
Upcycled defatted rice bran in alginate-based noodles enhances postprandial satiety and antioxidant capacity in humans,Food Hydrocolloids for Health,2026,10.1016/j.fhfh.2025.100265,0
A socio-technical architecture for culturally adaptive AI: Human-in-the-loop integration for sustainable operations,Results in Engineering,2026,10.1016/j.rineng.2026.110014,0
Copper oxide decorated reduced graphene oxide nanocomposites for ammonia gas sensors at ambient temperature,Inorganic Chemistry Communications,2026,10.1016/j.inoche.2026.116574,0
Rapid methane hydrate formation enabled by a dual-promoter strategy: System-level performance under SCH-assisted conditions,Chemical Engineering Journal,2026,10.1016/j.cej.2026.176334,0
"Unlocking economic potential: Digital transformation, business resilience, and Thailand's local digital economy",Social Sciences and Humanities Open,2026,10.1016/j.ssaho.2026.102553,0
An analytics-based framework for early detection of cervical cancer using predictive modeling,Healthcare Analytics,2026,10.1016/j.health.2025.100442,0
Exploring the drivers of satisfaction in multi-ethnic inter-embedded urban communities:Towards sustainable urban development,Sustainable Futures,2026,10.1016/j.sftr.2026.101738,0
Impact of microplastic aging and humic acid on heavy metal adsorption onto polystyrene microplastics (PS-MPs),Case Studies in Chemical and Environmental Engineering,2026,10.1016/j.cscee.2026.101380,0
You Only Grasp Once: Human-Inspired Benign Grasping for Agricultural Products,Journal of Intelligent and Robotic Systems Theory and Applications,2026,10.1007/s10846-026-02371-3,0
Addressing postharvest losses in mango: Current challenges and role of packaging-based solutions,Future Foods,2026,10.1016/j.fufo.2025.100896,0
"Novel Riceberry amazake: Physicochemical properties and antioxidant, anti-inflammatory effects in LPS-stimulated RAW 264.7 macrophages",Applied Food Research,2026,10.1016/j.afres.2026.101921,0
"Bioconversion pathways for cassava pulp valorisation: Biomethane, lactic acid, butyric acid, and caproic acid",Biomass and Bioenergy,2026,10.1016/j.biombioe.2025.108911,1
Integrating the technology acceptance model and consumer perceived value to investigate Thai carpool drivers' behavioural intention,Research in Transportation Business and Management,2026,10.1016/j.rtbm.2026.101678,0
Unveiling melatonin's multifaceted actions against ferroptotic neurotoxicity in ischemic stroke,Toxicology Reports,2026,10.1016/j.toxrep.2026.102219,0
"Needs, attitudes, and factors influencing medical tourism in Thailand",Preventive Medicine Reports,2026,10.1016/j.pmedr.2026.103469,0
Comprehensive Immunophenotypic Profiling and Prognostic Value in Salivary Gland Mucoepidermoid Carcinoma,International Dental Journal,2026,10.1016/j.identj.2026.109516,0
Magnetic Graphene Oxide: An Efficient Adsorbent for Magnetic Dispersive Solid-Phase Extraction of Multiresidues Pesticides in Tea,Food Analytical Methods,2026,10.1007/s12161-026-03110-y,0
"Effects of sucrose, salt and citric acid mixture in Jasmine rice bran protein hydrolysate on volatile compounds and application in an orange beverage",Future Foods,2026,10.1016/j.fufo.2026.101014,0
Constraining non-minimally coupled squared-quartic hilltop inflation in light of ACT observations,Physics of the Dark Universe,2026,10.1016/j.dark.2026.102282,0
"Hydrocolloid-assisted strategies for developing low-glycemic index rice: Mechanistic roles of starch modification, bioactive fortification, and processing innovations",Food Hydrocolloids for Health,2026,10.1016/j.fhfh.2026.100272,0
Impact of formulation variables on the quality attributes of psilocybin-loaded oral thin films for early-phase development,Journal of Drug Delivery Science and Technology,2026,10.1016/j.jddst.2026.108228,0
Development of liquid-core hydrogel beads to improve hydration in elderly: Pilot studies,Applied Food Research,2026,10.1016/j.afres.2026.101730,0
Mime Initiation Latency for Object Photographs: A Behavioral Motor Norm,Journal of Psycholinguistic Research,2026,10.1007/s10936-026-10216-1,0
Engineered nanozymes enhance atherosclerosis therapy via inflammation-lipid homeostasis modulation,Colloids and Surfaces B Biointerfaces,2026,10.1016/j.colsurfb.2026.115524,0
"Fabrication and electro- and magneto-actuations of a soft actuator based on gellan gum hydrogel incorporated with poly(3,4-ethylenedioxythiophene)-coated magnetite nanoparticles",Materials Research Bulletin,2026,10.1016/j.materresbull.2026.114058,0
MIL-53(Al)/Biochar hybrid composite with enhanced structural durability for ambient-temperature hydrogen physisorption,Journal of Energy Storage,2026,10.1016/j.est.2026.121904,0
Potential of fish skin gelatin for dough rheology and quality optimization of extruded gluten-free noodles,Applied Food Research,2026,10.1016/j.afres.2026.101855,0
Enhanced photocatalytic dye removal using nano-leucoxene and ultrafine bubbles: A sustainable solution for wastewater treatment,Journal of Physics and Chemistry of Solids,2026,10.1016/j.jpcs.2026.113603,0
Enhancing Shelf Life of Night-Blooming Jasmine (Cestrum nocturnum L.) Flowers Using Plasma Activated Water as Washing and Storage Medium,New Zealand Journal of Crop and Horticultural Science,2026,10.1002/nzc2.70155,0
"Influence of synbiotic supplementation on performance, fecal consistency, cecal microbiome, and egg quality of hens during late laying phase",Poultry Science,2026,10.1016/j.psj.2026.106851,0
Concurrent validity of Theia3D markerless compared to marker-based motion capture for movement synergy analysis during the 1-minute sit-to-stand test,Journal of Biomechanics,2026,10.1016/j.jbiomech.2026.113293,0
"Emerging thermal and non-thermal technologies and their integrations to innovate Maillard reactions in sustainable food processing: Comparative analysis, challenges, and research needs",Trends in Food Science and Technology,2026,10.1016/j.tifs.2026.105727,1
Exploring translanguaging behaviors in digital storytelling: A mixed-methods study in Thai higher education,Social Sciences and Humanities Open,2026,10.1016/j.ssaho.2026.102655,0
No Additive Analgesic Effect of Interspace Between Popliteal Artery and Capsule of the Knee Block Over Local Infiltration Analgesia Only Around Arthrotomy Site in Bilateral Total Knee Arthroplasty,Arthroplasty Today,2026,10.1016/j.artd.2026.101953,0
Energy efficiency modeling considered chemical process anomalies using contrastive learning-guided generative adversarial imputation network for operation-aligned data reconstruction,Digital Chemical Engineering,2026,10.1016/j.dche.2026.100296,0
Predictive model for the surface collapse during single-step freeze-drying of liquid foods: A case study in instant coffee,Journal of Food Engineering,2026,10.1016/j.jfoodeng.2026.112996,0
Adaptive anomaly detection via dual autoencoders with automated hyperparameter and batch optimization,Franklin Open,2026,10.1016/j.fraope.2026.100543,0
Evaluation of Interventions to Improve Vaccination Coverage Among Children Aged 12–23 Months in Urban Slum Areas of Bangladesh Using the WHO Interactive Evidence to Decision (iEtD) Framework: A Stakeholder Perspective,Evaluation and the Health Professions,2026,10.1177/01632787251353747,0
High-voltage organic molecules for nonaqueous redox flow batteries: Molecular design rules for stability and energy density,Electrochimica Acta,2026,10.1016/j.electacta.2026.148684,0
Effect of folic acid on mitigation of chilling injury and extending quality and shelf life of eggplant stored under prolonged low temperature,Applied Food Research,2026,10.1016/j.afres.2026.101905,0
"Teacher Support, AI Literacy, Personal Best Goals, and Engagement in AI-Supported English Learning: A Goal-Setting Theory Perspective",European Journal of Education,2026,10.1111/ejed.70623,0
Mapping the Ecosystem of Resistance: Why Thai EFL Teachers Struggle to Adopt Informal Digital Learning of English,Journal of Computer Assisted Learning,2026,10.1002/jcal.70235,0
"Analyzing the Mobile Phone Market with No Coordination, Partial Coordination, and Full Coordination Considering a Newcomer Operator: Iranian Mobile Phone Market",Operations Research Forum,2026,10.1007/s43069-026-00623-4,0
Foreign ownership and the adoption of open-source software: Evidence from Thailand,Journal of Open Innovation Technology Market and Complexity,2026,10.1016/j.joitmc.2026.100764,0
Hydration kinetics and thermodynamics of improved cowpea (Vigna unguiculata L. Walp.) hybrids: Application of machine learning over classical models,Applied Food Research,2026,10.1016/j.afres.2026.101834,0
Heavy metal accumulations in tropical seaweed and seagrass species as the basis of an ecological risk assessment,Marine Pollution Bulletin,2026,10.1016/j.marpolbul.2026.119460,0
Automated software engineering knowledge transfer: A case study on small and medium-sized software enterprises in Thailand,Journal of Systems and Software,2026,10.1016/j.jss.2026.112817,0
SME resilience in response to business disruptions: A bibliometric review,Sustainable Futures,2026,10.1016/j.sftr.2026.101864,0
Prognostic relevance of selected nucleotide variants in canine cutaneous mast cell tumors,Research in Veterinary Science,2026,10.1016/j.rvsc.2026.106129,0
Lateral response of a single pile in sand under bidirectional loading with orthogonal preloading effects,Ocean Engineering,2026,10.1016/j.oceaneng.2026.125366,0
Mutation-driven adaptation of ACE2–RBD binding revealed by integrative molecular dynamics analysis,Journal of Molecular Graphics and Modelling,2026,10.1016/j.jmgm.2026.109361,0
Spontaneous symmetry breaking on graphs and lattices,Journal of Physics Complexity,2026,10.1088/2632-072X/ae58e3,0
Iron-quercetin complex ameliorates chronic kidney disease via inhibiting the renal TGF-β1/Smad3/Egr1 axis-mediated kidney injury and fibrosis,Tissue and Cell,2026,10.1016/j.tice.2026.103349,0
"Policy, acceptance, and identity: Social (In)justice and LGBTQ+ inclusivity in Thai and Filipino higher education",Social Sciences and Humanities Open,2026,10.1016/j.ssaho.2026.102476,0
Decolonizing higher education institutions’ language curriculum: A collaborative autoethnography,Social Sciences and Humanities Open,2026,10.1016/j.ssaho.2026.102525,0
“Condoms don't cross your mind when you're hungry”: Challenges to safe sex in Libyan IDP camps; A qualitative study,Public Health in Practice,2026,10.1016/j.puhip.2026.100722,0
Between multiculturalism and assimilation: Cultural ‘homelessness’ of the Chinese diaspora,Migration Studies,2026,10.1093/migration/mnag019,0
Anti-erosive effect of silver diamine fluoride against enamel erosion: An in situ study,Journal of Dentistry,2026,10.1016/j.jdent.2026.106646,0
EGR2 affects mixed stroke repair through BNIP3L-mediated microglial mitophagy,Ibro Neuroscience Reports,2026,10.1016/j.ibneur.2026.04.002,0
Thermo-mechanical nonlinear forced vibration of sandwich cylindrical microshells with auxetic cores and porous FGM facesheets in flowing fluid,International Journal of Mechanics and Materials in Design,2026,10.1007/s10999-026-09903-7,0
"Dynamical analysis, synchronization of chaos, and soliton solutions of a nonlinear (3+1)-dimensional extension of KdV equation with second-order time-derivative",Chaos Solitons and Fractals,2026,10.1016/j.chaos.2026.117992,0
Neutron Spectroscopy of Deuterium-deuterium Reactions in Neutral Beam-heated Plasmas on the Large Helical Device,Journal of Fusion Energy,2026,10.1007/s10894-026-00564-0,0
"Combined effects of UV-C, epigallocatechin gallate, ascorbic acid and argon-rich modified atmosphere packaging on color and quality of refrigerated longtail tuna slices",Applied Food Research,2026,10.1016/j.afres.2026.101814,0
"Influence of Tb3+ co-doping on luminescence and scintillation performance of Y1.70Gd1.25Al2.8Ga2.15O12:Ce,Tb garnet films",Optical Materials,2026,10.1016/j.optmat.2026.117968,0
"Biosynthesis of silver nanoparticles using Duea ching (Ficus botryocarpa Miq.) fruit extract: Characteristics, bioactivities and application in active chitosan/gelatin films for enhancing the shelf life of baby clam",Food Chemistry,2026,10.1016/j.foodchem.2026.149071,0
Tangerine peel-derived carbon dots as natural antioxidant and antimicrobial agents for extending the shelf life of precooked baby clam edible portion,Future Foods,2026,10.1016/j.fufo.2026.100936,2
Plant protein–polyphenol conjugates as antioxidant pickering emulsifiers: Ultrasonication-assisted stabilization of shrimp oil,Applied Food Research,2026,10.1016/j.afres.2026.101910,0
"Biodegradable mulch film-enriched with biochar, chicken feather, and oyster shell powder for improved soil quality and crop productivity",Environmental Research,2026,10.1016/j.envres.2026.124246,0
Smart ionic liquid sensory ink for ratiometric fluorescence temperature surface mapping,Journal of Ionic Liquids,2026,10.1016/j.jil.2026.100203,0
Nanocomposite-based all-in-one electrode coating towards affinity-based electrochemical biosensing platform,Chemical Engineering Journal,2026,10.1016/j.cej.2026.175986,0
"In vitro, ex vivo, and in vivo evaluation of ophthalmic ointments containing dexamethasone and tobramycin",International Journal of Pharmaceutics X,2026,10.1016/j.ijpx.2025.100476,0
Assessing physiological and psychological relaxation in simulated urban-nature transitions: the role of water elements in virtual reality environments,Virtual Reality,2026,10.1007/s10055-025-01292-0,0
Solid-phase extraction of organophosphorus pesticides from fruit juices using biomass-derived lignin-doped electrospun composite fibers,Food Chemistry,2026,10.1016/j.foodchem.2026.148957,0
Low-frequency LFP oscillations (1–9 Hz) changes reward-related brain regions during sugar-based T-maze decision making in mice,Neuroscience,2026,10.1016/j.neuroscience.2026.03.016,0
Copper-loaded KX zeolite catalyst for efficient β-alkylated dimer alcohol formation via guerbet reaction of 1-decanol,Journal of Industrial and Engineering Chemistry,2026,10.1016/j.jiec.2025.10.014,0
Stochastic social learning optimization: Combining social learning and bucket theory for efficient optimization,Knowledge Based Systems,2026,10.1016/j.knosys.2026.115767,0
"Electronic structure and optical properties of RE-doped GdBO₃ (RE = Tb3+, Ce3+, Eu3+) for X-ray scintillator applications",Computational Materials Science,2026,10.1016/j.commatsci.2026.114679,0
Ratiometric fluorescent sensor using molecularly imprinted polymer with a metal-organic framework for the determination of propazine,Colloids and Surfaces A Physicochemical and Engineering Aspects,2026,10.1016/j.colsurfa.2026.139764,0
Interface-engineered NiO–CuO/MXene electrode enabling synergistic supercapacitive and electrocatalytic water-splitting functions,Journal of Electroanalytical Chemistry,2026,10.1016/j.jelechem.2026.119992,0
Post-annealing effects on the structural and optical properties of nickel vanadate thin films.,Materials Letters,2026,10.1016/j.matlet.2026.140324,0
Network-based analysis of institutional collaboration inequality in Southeast Asia,Physica A Statistical Mechanics and Its Applications,2026,10.1016/j.physa.2026.131463,0
Machine Learning-Aided Multi-Stage optimization of Low-Carbon hydrogen via biomass Gasification: Emission-Aware design and Cost-Efficient feedstock blending,Fuel,2026,10.1016/j.fuel.2025.138047,0
"Active biodegradable thermoformed trays from PLA/EDTA with ethyl lauroyl arginate: Thermoformability, migration, and microbial control in processed meats",Lwt,2026,10.1016/j.lwt.2026.119382,0
Development of CeO2-coated LaNiO3 perovskite catalyst for enhanced low-temperature dry reforming of methane,Fuel,2026,10.1016/j.fuel.2025.138113,0
Cyclodextrin-enhanced edible coatings for extending shelf life of perishable foods: A comprehensive review with emphasis on fruits and vegetables,Carbohydrate Polymers,2026,10.1016/j.carbpol.2026.125063,1
Inadequacy of benzo[a]pyrene as a risk indicator for PAH-contaminated rice: A comparative health risk assessment in Malaysia and Indonesia,Science of the Total Environment,2026,10.1016/j.scitotenv.2026.181769,0
Synthesis of Iron oxide – Manganese oxide – Carbon composite materials via calcination of ferrocene and potassium permanganate for supercapacitor applications,Materials Letters,2026,10.1016/j.matlet.2026.140311,0
Enhanced electrochemical detection of quercetin in food samples using α-Fe2O3@700 nanoparticles modified screen printed carbon electrode,Talanta,2026,10.1016/j.talanta.2026.129357,0
Structure–property relationships in saccharide-derived carbon dots: Tuning oxygen functionalities and sp2 domains for antioxidant performance,Journal of Colloid and Interface Science,2026,10.1016/j.jcis.2026.139939,0
A Geometric S-Iteration Method for Approximating Common Best Proximity Points of Proximally Mean Nonexpansive Mappings in Banach Spaces,Mathematical Methods in the Applied Sciences,2026,10.1002/mma.70401,0
Facile detection of hydrogen sulfide through digital image using photo-generated citrate-capped silver nanoprisms,Spectrochimica Acta Part A Molecular and Biomolecular Spectroscopy,2026,10.1016/j.saa.2026.127585,0
Thermopower in single-electron transistors via the kelvin formula: A comparison between path-integral monte carlo and perturbation theory,Physics Letters Section A General Atomic and Solid State Physics,2026,10.1016/j.physleta.2026.131479,0
A novel framework for pricing electricity derivatives: Integrating stochastic models and machine learning,Journal of Computational and Applied Mathematics,2026,10.1016/j.cam.2025.117211,0
Hybrid fiber-reinforced polymer structural frames with ductile gusset connections: A new paradigm in structural design,Engineering Failure Analysis,2026,10.1016/j.engfailanal.2026.110713,0
"Phthalate concentrations in house dust, their associations with household characteristics, and spatial distribution across rural and urban areas in southern Thailand",Atmospheric Environment,2026,10.1016/j.atmosenv.2026.121936,0
Entropy generation analysis of topology-optimized porous reactors under pulsating flow conditions,International Journal of Heat and Mass Transfer,2026,10.1016/j.ijheatmasstransfer.2026.128332,0
Acoustic and mechanical properties of bio-based mycelium materials from oyster mushroom species: comparative analysis of Pleurotus ostreatus and Pleurotus eous,Applied Acoustics,2026,10.1016/j.apacoust.2026.111308,0
Monomer-directed electropolymerized interfaces for guanosine analysis,Electrochimica Acta,2026,10.1016/j.electacta.2026.148516,0
Molecularly imprinted polymer nanoparticle-based sequential competitive fluorescence assay for serum ferritin assessment,Analytica Chimica Acta,2026,10.1016/j.aca.2026.345291,0
Nickel-iron nanoparticles enhance hydrogen production from dark fermentation of pretreated fruit wastes using Enterobacter aerogenes,International Journal of Hydrogen Energy,2026,10.1016/j.ijhydene.2026.154798,0
Phenoxy-linked colchicine derivatives: A structure-based approach toward enhanced selectivity and α-tubulin interaction,European Journal of Medicinal Chemistry,2026,10.1016/j.ejmech.2026.118732,0
Molecular discrepancies of epoxidized natural rubbers and their impact on silica reinforcement,Polymer,2026,10.1016/j.polymer.2026.129912,0
Development of a Triple Shape Memory: Interpenetrating Polymer Network from Benzoxazine and Bio-based Epoxy by Sequential in-situ Polymerization,European Polymer Journal,2026,10.1016/j.eurpolymj.2026.114690,0
BIM-Driven Safety: Automated Rule-Based Multihazard Detection and Legal Compliance in High-Rise Construction,Journal of Legal Affairs and Dispute Resolution in Engineering and Construction,2026,10.1061/JLADAH.LADR-1409,0
Short-term salinity stress enhances phytochemical accumulation and antioxidant activity in Thai Centella asiatica (L.) Urban: A genotype-dependent metabolomic study,Current Plant Biology,2026,10.1016/j.cpb.2026.100609,0
Anticancer potential of Pra-Sa-Chan-Dang multi-herb formulation and its synergistic effects with cisplatin,Phytomedicine Plus,2026,10.1016/j.phyplu.2026.100987,0
"Brazilin and its oxidized form “brazilein”, the natural fluorescently traceable agents, toxify Plasmodium falciparum to pyknotic death via disrupting its iron homeostasis",Free Radical Biology and Medicine,2026,10.1016/j.freeradbiomed.2026.02.073,0
"Dough grain rice bran valorization via semi-pilot scale Papain hydrolysis: β-turn enriched bioactive peptides with cellular antioxidant activity, GI-enhanced ACE/DPP-IV inhibition, and cookie application",Journal of Agriculture and Food Research,2026,10.1016/j.jafr.2026.102869,0
Impact of potassium doping on the physical properties of cadmium sulfide thin films prepared by sol-gel screen printing technique,Ceramics International,2026,10.1016/j.ceramint.2026.02.369,0
Integrated transcriptomic and molecular docking analysis identifies Rhotekin 2 as a promising therapeutic target for overcoming gemcitabine resistance in cholangiocarcinoma,Biomedical Reports,2026,10.3892/br.2026.2125,0
Multiple reservoir optimization using constraint programming for water scarcity resilience in the Chao Phraya River Basin,Applied Water Science,2026,10.1007/s13201-026-02820-2,0
Discovery and clinical significance of 1p36 chromosomal aberrations in differentiating hepatocellular carcinoma from other hepatobiliary cancers,Human Pathology,2026,10.1016/j.humpath.2026.106053,0
Particulate matter exposure negatively affects the cancer immunosurveillance through PD-L1 upregulation and dendritic cell maturation suppression,Journal of Environmental Sciences China,2026,10.1016/j.jes.2025.09.069,1
"Effect of nature and formation of defects to optical, magnetic and dielectric properties in Co-doped SrTiO3: DFT and experiments approaches",Ceramics International,2026,10.1016/j.ceramint.2026.02.255,0
"Nationwide trends and geographic variations of diabetes in pregnancy in Thailand: Epidemiology, neonatal outcomes, and healthcare costs under the universal health coverage scheme (2013–2023)",Preventive Medicine Reports,2026,10.1016/j.pmedr.2026.103452,0
High-Efficiency Antimicrobial Air Filter Electrospun ZnO/Biochar/PAN Nanofiber,Fibers and Polymers,2026,10.1007/s12221-026-01353-4,0
"Determination of toxic elements in the life cycle stages of necrophagous flies at a landfill in Mae Pa Sub-District, Tak Province, Thailand",Journal of Hazardous Materials Advances,2026,10.1016/j.hazadv.2026.101157,0
"Exploring the immunomodulatory, anti-inflammatory, and cell proliferative potential of Hydrocotyle umbellata L. Leaf extracts: A comparative study with Centella asiatica (L.) Urb",Phytomedicine Plus,2026,10.1016/j.phyplu.2026.100969,0
Waste-to-value: Two-Step bioconversion of palm oil mill effluent into biodiesel and polyhydroxybutyrate,Renewable Energy,2026,10.1016/j.renene.2026.125488,0
Edible scaffolds enriched with soy protein facilitating myogenic progression of C2C12 cells with potential for cultured meat applications,Food Bioscience,2026,10.1016/j.fbio.2026.108734,0
"Satisfaction, confidence and self-rated clinical judgment in simulation-based learning: A mixed methods study of Thai nursing students",Clinical Simulation in Nursing,2026,10.1016/j.ecns.2026.101941,0
Adsorption-guided recovery of D-arabitol from complex fermentation broths using engineered activated carbon sorbents,Chemical Engineering Journal Advances,2026,10.1016/j.ceja.2026.101180,0
Intelligent drone-based framework for autonomous inventory data inspection,Intelligent Systems with Applications,2026,10.1016/j.iswa.2026.200648,0
